Date,Time,Rain (mm),Rate (mm/hr),Rain (in) 
4/1/2016,12:00 AM,0,0,0
4/1/2016,12:15 AM,0,0,0
4/1/2016,12:30 AM,0,0,0
4/1/2016,12:45 AM,0,0,0
4/1/2016,1:00 AM,0,0,0
4/1/2016,1:15 AM,0,0,0
4/1/2016,1:30 AM,0,0,0
4/1/2016,1:45 AM,0,0,0
4/1/2016,2:00 AM,0,0,0
4/1/2016,2:15 AM,0,0,0
4/1/2016,2:30 AM,0,0,0
4/1/2016,2:45 AM,0,0,0
4/1/2016,3:00 AM,0,0,0
4/1/2016,3:15 AM,0,0,0
4/1/2016,3:30 AM,0,0,0
4/1/2016,3:45 AM,0,0,0
4/1/2016,4:00 AM,0,0,0
4/1/2016,4:15 AM,0,0,0
4/1/2016,4:30 AM,0,0,0
4/1/2016,4:45 AM,0,0,0
4/1/2016,5:00 AM,0,0,0
4/1/2016,5:15 AM,0,0,0
4/1/2016,5:30 AM,0,0,0
4/1/2016,5:45 AM,0,0,0
4/1/2016,6:00 AM,0,0,0
4/1/2016,6:15 AM,0,0,0
4/1/2016,6:30 AM,0,0,0
4/1/2016,6:45 AM,0,0,0
4/1/2016,7:00 AM,0,0,0
4/1/2016,7:15 AM,0.2,0,0.00787402
4/1/2016,7:30 AM,0,0,0
4/1/2016,7:45 AM,0,0,0
4/1/2016,8:00 AM,0.6,2.4,0.02362206
4/1/2016,8:15 AM,0.4,3,0.01574804
4/1/2016,8:30 AM,0,0,0
4/1/2016,8:45 AM,0,0,0
4/1/2016,9:00 AM,0,0,0
4/1/2016,9:15 AM,0,0,0
4/1/2016,9:30 AM,0,0,0
4/1/2016,9:45 AM,0,0,0
4/1/2016,10:00 AM,0,0,0
4/1/2016,10:15 AM,0,0,0
4/1/2016,10:30 AM,0,0,0
4/1/2016,10:45 AM,0,0,0
4/1/2016,11:00 AM,0,0,0
4/1/2016,11:15 AM,0,0,0
4/1/2016,11:30 AM,0,0,0
4/1/2016,11:45 AM,0,0,0
4/1/2016,12:00 PM,0,0,0
4/1/2016,12:15 PM,0,0,0
4/1/2016,12:30 PM,0,0,0
4/1/2016,12:45 PM,0,0,0
4/1/2016,1:00 PM,0,0,0
4/1/2016,1:15 PM,0,0,0
4/1/2016,1:30 PM,0,0,0
4/1/2016,1:45 PM,0,0,0
4/1/2016,2:00 PM,0,0,0
4/1/2016,2:15 PM,0.2,0,0.00787402
4/1/2016,2:30 PM,1,12,0.0393701
4/1/2016,2:45 PM,3.6,52.2,0.14173236
4/1/2016,3:00 PM,0,0,0
4/1/2016,3:15 PM,0,0,0
4/1/2016,3:30 PM,0.2,0,0.00787402
4/1/2016,3:45 PM,0,0,0
4/1/2016,4:00 PM,0,0,0
4/1/2016,4:15 PM,0,0,0
4/1/2016,4:30 PM,0,0,0
4/1/2016,4:45 PM,0,0,0
4/1/2016,5:00 PM,0,0,0
4/1/2016,5:15 PM,0,0,0
4/1/2016,5:30 PM,0,0,0
4/1/2016,5:45 PM,0,0,0
4/1/2016,6:00 PM,0,0,0
4/1/2016,6:15 PM,0,0,0
4/1/2016,6:30 PM,0,0,0
4/1/2016,6:45 PM,0,0,0
4/1/2016,7:00 PM,0,0,0
4/1/2016,7:15 PM,0,0,0
4/1/2016,7:30 PM,0,0,0
4/1/2016,7:45 PM,0,0,0
4/1/2016,8:00 PM,0.2,0,0.00787402
4/1/2016,8:15 PM,0.4,2.8,0.01574804
4/1/2016,8:30 PM,0,0,0
4/1/2016,8:45 PM,0,0,0
4/1/2016,9:00 PM,0,0,0
4/1/2016,9:15 PM,0,0,0
4/1/2016,9:30 PM,0,0,0
4/1/2016,9:45 PM,0,0,0
4/1/2016,10:00 PM,0,0,0
4/1/2016,10:15 PM,0.2,0,0.00787402
4/1/2016,10:30 PM,0.8,5,0.03149608
4/1/2016,10:45 PM,0,0,0
4/1/2016,11:00 PM,0,0,0
4/1/2016,11:15 PM,0.4,5,0.01574804
4/1/2016,11:30 PM,0,0.8,0
4/1/2016,11:45 PM,0.2,0.8,0.00787402
4/2/2016,12:00 AM,0.6,21.8,0.02362206
4/2/2016,12:15 AM,6,51.4,0.2362206
4/2/2016,12:30 AM,6,51.8,0.2362206
4/2/2016,12:45 AM,6.2,49,0.24409462
4/2/2016,1:00 AM,9.2,50.4,0.36220492
4/2/2016,1:15 AM,3.4,37.4,0.13385834
4/2/2016,1:30 AM,0.4,3.6,0.01574804
4/2/2016,1:45 AM,0.8,3.6,0.03149608
4/2/2016,2:00 AM,0.4,2.4,0.01574804
4/2/2016,2:15 AM,0.4,1.8,0.01574804
4/2/2016,2:30 AM,0.2,2,0.00787402
4/2/2016,2:45 AM,0.4,1.4,0.01574804
4/2/2016,3:00 AM,0.2,1.4,0.00787402
4/2/2016,3:15 AM,0,0,0
4/2/2016,3:30 AM,0,0,0
4/2/2016,3:45 AM,0,0,0
4/2/2016,4:00 AM,0,0,0
4/2/2016,4:15 AM,0,0,0
4/2/2016,4:30 AM,0,0,0
4/2/2016,4:45 AM,0,0,0
4/2/2016,5:00 AM,0,0,0
4/2/2016,5:15 AM,0.2,0,0.00787402
4/2/2016,5:30 AM,0,0,0
4/2/2016,5:45 AM,0,0,0
4/2/2016,6:00 AM,0,0,0
4/2/2016,6:15 AM,0,0,0
4/2/2016,6:30 AM,0,0,0
4/2/2016,6:45 AM,0,0,0
4/2/2016,7:00 AM,0,0,0
4/2/2016,7:15 AM,0,0,0
4/2/2016,7:30 AM,0,0,0
4/2/2016,7:45 AM,0,0,0
4/2/2016,8:00 AM,0,0,0
4/2/2016,8:15 AM,0,0,0
4/2/2016,8:30 AM,0,0,0
4/2/2016,8:45 AM,0,0,0
4/2/2016,9:00 AM,0,0,0
4/2/2016,9:15 AM,0,0,0
4/2/2016,9:30 AM,0,0,0
4/2/2016,9:45 AM,0,0,0
4/2/2016,10:00 AM,0,0,0
4/2/2016,10:15 AM,0,0,0
4/2/2016,10:30 AM,0,0,0
4/2/2016,10:45 AM,0,0,0
4/2/2016,11:00 AM,0,0,0
4/2/2016,11:15 AM,0,0,0
4/2/2016,11:30 AM,0,0,0
4/2/2016,11:45 AM,0,0,0
4/2/2016,12:00 PM,0,0,0
4/2/2016,12:15 PM,0,0,0
4/2/2016,12:30 PM,0,0,0
4/2/2016,12:45 PM,0,0,0
4/2/2016,1:00 PM,0,0,0
4/2/2016,1:15 PM,0,0,0
4/2/2016,1:30 PM,0,0,0
4/2/2016,1:45 PM,0,0,0
4/2/2016,2:00 PM,0,0,0
4/2/2016,2:15 PM,0,0,0
4/2/2016,2:30 PM,0,0,0
4/2/2016,2:45 PM,0,0,0
4/2/2016,3:00 PM,0,0,0
4/2/2016,3:15 PM,0,0,0
4/2/2016,3:30 PM,0,0,0
4/2/2016,3:45 PM,0,0,0
4/2/2016,4:00 PM,0,0,0
4/2/2016,4:15 PM,0,0,0
4/2/2016,4:30 PM,0,0,0
4/2/2016,4:45 PM,0,0,0
4/2/2016,5:00 PM,0,0,0
4/2/2016,5:15 PM,0,0,0
4/2/2016,5:30 PM,0,0,0
4/2/2016,5:45 PM,0,0,0
4/2/2016,6:00 PM,0,0,0
4/2/2016,6:15 PM,0,0,0
4/2/2016,6:30 PM,0,0,0
4/2/2016,6:45 PM,0,0,0
4/2/2016,7:00 PM,0,0,0
4/2/2016,7:15 PM,0,0,0
4/2/2016,7:30 PM,0,0,0
4/2/2016,7:45 PM,0,0,0
4/2/2016,8:00 PM,0,0,0
4/2/2016,8:15 PM,0,0,0
4/2/2016,8:30 PM,0,0,0
4/2/2016,8:45 PM,0,0,0
4/2/2016,9:00 PM,0,0,0
4/2/2016,9:15 PM,0,0,0
4/2/2016,9:30 PM,0,0,0
4/2/2016,9:45 PM,0,0,0
4/2/2016,10:00 PM,0,0,0
4/2/2016,10:15 PM,0,0,0
4/2/2016,10:30 PM,0,0,0
4/2/2016,10:45 PM,0,0,0
4/2/2016,11:00 PM,0,0,0
4/2/2016,11:15 PM,0,0,0
4/2/2016,11:30 PM,0,0,0
4/2/2016,11:45 PM,0,0,0
4/3/2016,12:00 AM,0,0,0
4/3/2016,12:15 AM,0,0,0
4/3/2016,12:30 AM,0,0,0
4/3/2016,12:45 AM,0,0,0
4/3/2016,1:00 AM,0,0,0
4/3/2016,1:15 AM,0,0,0
4/3/2016,1:30 AM,0,0,0
4/3/2016,1:45 AM,0,0,0
4/3/2016,2:00 AM,0,0,0
4/3/2016,2:15 AM,0,0,0
4/3/2016,2:30 AM,0,0,0
4/3/2016,2:45 AM,0,0,0
4/3/2016,3:00 AM,0,0,0
4/3/2016,3:15 AM,0,0,0
4/3/2016,3:30 AM,0,0,0
4/3/2016,3:45 AM,0,0,0
4/3/2016,4:00 AM,0,0,0
4/3/2016,4:15 AM,0,0,0
4/3/2016,4:30 AM,0,0,0
4/3/2016,4:45 AM,0,0,0
4/3/2016,5:00 AM,0,0,0
4/3/2016,5:15 AM,0,0,0
4/3/2016,5:30 AM,0,0,0
4/3/2016,5:45 AM,0,0,0
4/3/2016,6:00 AM,0,0,0
4/3/2016,6:15 AM,0,0,0
4/3/2016,6:30 AM,0,0,0
4/3/2016,6:45 AM,0,0,0
4/3/2016,7:00 AM,0,0,0
4/3/2016,7:15 AM,0,0,0
4/3/2016,7:30 AM,0,0,0
4/3/2016,7:45 AM,0,0,0
4/3/2016,8:00 AM,0,0,0
4/3/2016,8:15 AM,0,0,0
4/3/2016,8:30 AM,0,0,0
4/3/2016,8:45 AM,0,0,0
4/3/2016,9:00 AM,0,0,0
4/3/2016,9:15 AM,0,0,0
4/3/2016,9:30 AM,0,0,0
4/3/2016,9:45 AM,0,0,0
4/3/2016,10:00 AM,0,0,0
4/3/2016,10:15 AM,0,0,0
4/3/2016,10:30 AM,0,0,0
4/3/2016,10:45 AM,0,0,0
4/3/2016,11:00 AM,0,0,0
4/3/2016,11:15 AM,0,0,0
4/3/2016,11:30 AM,0,0,0
4/3/2016,11:45 AM,0,0,0
4/3/2016,12:00 PM,0,0,0
4/3/2016,12:15 PM,0,0,0
4/3/2016,12:30 PM,0,0,0
4/3/2016,12:45 PM,0,0,0
4/3/2016,1:00 PM,0,0,0
4/3/2016,1:15 PM,0,0,0
4/3/2016,1:30 PM,0,0,0
4/3/2016,1:45 PM,0,0,0
4/3/2016,2:00 PM,0,0,0
4/3/2016,2:15 PM,0,0,0
4/3/2016,2:30 PM,0,0,0
4/3/2016,2:45 PM,0,0,0
4/3/2016,3:00 PM,0.2,0,0.00787402
4/3/2016,3:15 PM,0,0,0
4/3/2016,3:30 PM,0,0,0
4/3/2016,3:45 PM,0,0,0
4/3/2016,4:00 PM,0,0,0
4/3/2016,4:15 PM,0,0,0
4/3/2016,4:30 PM,0,0,0
4/3/2016,4:45 PM,0,0,0
4/3/2016,5:00 PM,0,0,0
4/3/2016,5:15 PM,0,0,0
4/3/2016,5:30 PM,0,0,0
4/3/2016,5:45 PM,0,0,0
4/3/2016,6:00 PM,0,0,0
4/3/2016,6:15 PM,0,0,0
4/3/2016,6:30 PM,0,0,0
4/3/2016,6:45 PM,0,0,0
4/3/2016,7:00 PM,0,0,0
4/3/2016,7:15 PM,0,0,0
4/3/2016,7:30 PM,0,0,0
4/3/2016,7:45 PM,0,0,0
4/3/2016,8:00 PM,0,0,0
4/3/2016,8:15 PM,0,0,0
4/3/2016,8:30 PM,0,0,0
4/3/2016,8:45 PM,0,0,0
4/3/2016,9:00 PM,0,0,0
4/3/2016,9:15 PM,0,0,0
4/3/2016,9:30 PM,0,0,0
4/3/2016,9:45 PM,0,0,0
4/3/2016,10:00 PM,0,0,0
4/3/2016,10:15 PM,0,0,0
4/3/2016,10:30 PM,0,0,0
4/3/2016,10:45 PM,0,0,0
4/3/2016,11:00 PM,0,0,0
4/3/2016,11:15 PM,0,0,0
4/3/2016,11:30 PM,0,0,0
4/3/2016,11:45 PM,0,0,0
4/4/2016,12:00 AM,0,0,0
4/4/2016,12:15 AM,2.2,49.6,0.08661422
4/4/2016,12:30 AM,3.8,64,0.14960638
4/4/2016,12:45 AM,0.2,11,0.00787402
4/4/2016,1:00 AM,0,0,0
4/4/2016,1:15 AM,0,0,0
4/4/2016,1:30 AM,0,0,0
4/4/2016,1:45 AM,0,0,0
4/4/2016,2:00 AM,0,0,0
4/4/2016,2:15 AM,0,0,0
4/4/2016,2:30 AM,0,0,0
4/4/2016,2:45 AM,0,0,0
4/4/2016,3:00 AM,0,0,0
4/4/2016,3:15 AM,0,0,0
4/4/2016,3:30 AM,0,0,0
4/4/2016,3:45 AM,0,0,0
4/4/2016,4:00 AM,0,0,0
4/4/2016,4:15 AM,0,0,0
4/4/2016,4:30 AM,0,0,0
4/4/2016,4:45 AM,0,0,0
4/4/2016,5:00 AM,0,0,0
4/4/2016,5:15 AM,0,0,0
4/4/2016,5:30 AM,0,0,0
4/4/2016,5:45 AM,0,0,0
4/4/2016,6:00 AM,0,0,0
4/4/2016,6:15 AM,0,0,0
4/4/2016,6:30 AM,0,0,0
4/4/2016,6:45 AM,0,0,0
4/4/2016,7:00 AM,0,0,0
4/4/2016,7:15 AM,0,0,0
4/4/2016,7:30 AM,0,0,0
4/4/2016,7:45 AM,0,0,0
4/4/2016,8:00 AM,0,0,0
4/4/2016,8:15 AM,0,0,0
4/4/2016,8:30 AM,0,0,0
4/4/2016,8:45 AM,0,0,0
4/4/2016,9:00 AM,0,0,0
4/4/2016,9:15 AM,0,0,0
4/4/2016,9:30 AM,0,0,0
4/4/2016,9:45 AM,0,0,0
4/4/2016,10:00 AM,0,0,0
4/4/2016,10:15 AM,0,0,0
4/4/2016,10:30 AM,0,0,0
4/4/2016,10:45 AM,0,0,0
4/4/2016,11:00 AM,0,0,0
4/4/2016,11:15 AM,0,0,0
4/4/2016,11:30 AM,0,0,0
4/4/2016,11:45 AM,0,0,0
4/4/2016,12:00 PM,0,0,0
4/4/2016,12:15 PM,0,0,0
4/4/2016,12:30 PM,0,0,0
4/4/2016,12:45 PM,0,0,0
4/4/2016,1:00 PM,0,0,0
4/4/2016,1:15 PM,0,0,0
4/4/2016,1:30 PM,0,0,0
4/4/2016,1:45 PM,0,0,0
4/4/2016,2:00 PM,0,0,0
4/4/2016,2:15 PM,0,0,0
4/4/2016,2:30 PM,0,0,0
4/4/2016,2:45 PM,0,0,0
4/4/2016,3:00 PM,0,0,0
4/4/2016,3:15 PM,0,0,0
4/4/2016,3:30 PM,0,0,0
4/4/2016,3:45 PM,0,0,0
4/4/2016,4:00 PM,0,0,0
4/4/2016,4:15 PM,0,0,0
4/4/2016,4:30 PM,0,0,0
4/4/2016,4:45 PM,0,0,0
4/4/2016,5:00 PM,0,0,0
4/4/2016,5:15 PM,0,0,0
4/4/2016,5:30 PM,0,0,0
4/4/2016,5:45 PM,0,0,0
4/4/2016,6:00 PM,0,0,0
4/4/2016,6:15 PM,0,0,0
4/4/2016,6:30 PM,0,0,0
4/4/2016,6:45 PM,0,0,0
4/4/2016,7:00 PM,0,0,0
4/4/2016,7:15 PM,0,0,0
4/4/2016,7:30 PM,0,0,0
4/4/2016,7:45 PM,0,0,0
4/4/2016,8:00 PM,0,0,0
4/4/2016,8:15 PM,0,0,0
4/4/2016,8:30 PM,0,0,0
4/4/2016,8:45 PM,0,0,0
4/4/2016,9:00 PM,0,0,0
4/4/2016,9:15 PM,0,0,0
4/4/2016,9:30 PM,0,0,0
4/4/2016,9:45 PM,0,0,0
4/4/2016,10:00 PM,0,0,0
4/4/2016,10:15 PM,0,0,0
4/4/2016,10:30 PM,0,0,0
4/4/2016,10:45 PM,0,0,0
4/4/2016,11:00 PM,0,0,0
4/4/2016,11:15 PM,0,0,0
4/4/2016,11:30 PM,0,0,0
4/4/2016,11:45 PM,0,0,0
4/5/2016,12:00 AM,0,0,0
4/5/2016,12:15 AM,0,0,0
4/5/2016,12:30 AM,0,0,0
4/5/2016,12:45 AM,0,0,0
4/5/2016,1:00 AM,0,0,0
4/5/2016,1:15 AM,0,0,0
4/5/2016,1:30 AM,0,0,0
4/5/2016,1:45 AM,0,0,0
4/5/2016,2:00 AM,0,0,0
4/5/2016,2:15 AM,0,0,0
4/5/2016,2:30 AM,0,0,0
4/5/2016,2:45 AM,0,0,0
4/5/2016,3:00 AM,1.2,53.8,0.04724412
4/5/2016,3:15 AM,0,0,0
4/5/2016,3:30 AM,0.2,0,0.00787402
4/5/2016,3:45 AM,0,0,0
4/5/2016,4:00 AM,0,0,0
4/5/2016,4:15 AM,0,0,0
4/5/2016,4:30 AM,0,0,0
4/5/2016,4:45 AM,0,0,0
4/5/2016,5:00 AM,0,0,0
4/5/2016,5:15 AM,0,0,0
4/5/2016,5:30 AM,0,0,0
4/5/2016,5:45 AM,0,0,0
4/5/2016,6:00 AM,0,0,0
4/5/2016,6:15 AM,0,0,0
4/5/2016,6:30 AM,0,0,0
4/5/2016,6:45 AM,0,0,0
4/5/2016,7:00 AM,0,0,0
4/5/2016,7:15 AM,0,0,0
4/5/2016,7:30 AM,0,0,0
4/5/2016,7:45 AM,0,0,0
4/5/2016,8:00 AM,0,0,0
4/5/2016,8:15 AM,0,0,0
4/5/2016,8:30 AM,0,0,0
4/5/2016,8:45 AM,0,0,0
4/5/2016,9:00 AM,0,0,0
4/5/2016,9:15 AM,0,0,0
4/5/2016,9:30 AM,0,0,0
4/5/2016,9:45 AM,0,0,0
4/5/2016,10:00 AM,0,0,0
4/5/2016,10:15 AM,0,0,0
4/5/2016,10:30 AM,0,0,0
4/5/2016,10:45 AM,0,0,0
4/5/2016,11:00 AM,0,0,0
4/5/2016,11:15 AM,0,0,0
4/5/2016,11:30 AM,0,0,0
4/5/2016,11:45 AM,0,0,0
4/5/2016,12:00 PM,0,0,0
4/5/2016,12:15 PM,0,0,0
4/5/2016,12:30 PM,0,0,0
4/5/2016,12:45 PM,0,0,0
4/5/2016,1:00 PM,0.6,19.2,0.02362206
4/5/2016,1:15 PM,0,0,0
4/5/2016,1:30 PM,0,0,0
4/5/2016,1:45 PM,0,0,0
4/5/2016,2:00 PM,0,0,0
4/5/2016,2:15 PM,0,0,0
4/5/2016,2:30 PM,0,0,0
4/5/2016,2:45 PM,0,0,0
4/5/2016,3:00 PM,0,0,0
4/5/2016,3:15 PM,0,0,0
4/5/2016,3:30 PM,0,0,0
4/5/2016,3:45 PM,0,0,0
4/5/2016,4:00 PM,0,0,0
4/5/2016,4:15 PM,0,0,0
4/5/2016,4:30 PM,0,0,0
4/5/2016,4:45 PM,0,0,0
4/5/2016,5:00 PM,0,0,0
4/5/2016,5:15 PM,0,0,0
4/5/2016,5:30 PM,0,0,0
4/5/2016,5:45 PM,0,0,0
4/5/2016,6:00 PM,0,0,0
4/5/2016,6:15 PM,0,0,0
4/5/2016,6:30 PM,0,0,0
4/5/2016,6:45 PM,0,0,0
4/5/2016,7:00 PM,0,0,0
4/5/2016,7:15 PM,0,0,0
4/5/2016,7:30 PM,0,0,0
4/5/2016,7:45 PM,0,0,0
4/5/2016,8:00 PM,0,0,0
4/5/2016,8:15 PM,0,0,0
4/5/2016,8:30 PM,1.2,35.2,0.04724412
4/5/2016,8:45 PM,1.4,35.2,0.05511814
4/5/2016,9:00 PM,0,0,0
4/5/2016,9:15 PM,0,0,0
4/5/2016,9:30 PM,0,0,0
4/5/2016,9:45 PM,0,0,0
4/5/2016,10:00 PM,0,0,0
4/5/2016,10:15 PM,0,0,0
4/5/2016,10:30 PM,0,0,0
4/5/2016,10:45 PM,0,0,0
4/5/2016,11:00 PM,0,0,0
4/5/2016,11:15 PM,0,0,0
4/5/2016,11:30 PM,0,0,0
4/5/2016,11:45 PM,0,0,0
4/6/2016,12:00 AM,0,0,0
4/6/2016,12:15 AM,0,0,0
4/6/2016,12:30 AM,0.2,0,0.00787402
4/6/2016,12:45 AM,0,0,0
4/6/2016,1:00 AM,0,0,0
4/6/2016,1:15 AM,0,0,0
4/6/2016,1:30 AM,0,0,0
4/6/2016,1:45 AM,0,0,0
4/6/2016,2:00 AM,0,0,0
4/6/2016,2:15 AM,0,0,0
4/6/2016,2:30 AM,0,0,0
4/6/2016,2:45 AM,0,0,0
4/6/2016,3:00 AM,0,0,0
4/6/2016,3:15 AM,0.2,0,0.00787402
4/6/2016,3:30 AM,0,0,0
4/6/2016,3:45 AM,0.6,2.4,0.02362206
4/6/2016,4:00 AM,0.8,3.6,0.03149608
4/6/2016,4:15 AM,0.2,3.2,0.00787402
4/6/2016,4:30 AM,0,0,0
4/6/2016,4:45 AM,0,0,0
4/6/2016,5:00 AM,0,0,0
4/6/2016,5:15 AM,0.2,0,0.00787402
4/6/2016,5:30 AM,0,0,0
4/6/2016,5:45 AM,0,0,0
4/6/2016,6:00 AM,0,0,0
4/6/2016,6:15 AM,0.2,0,0.00787402
4/6/2016,6:30 AM,0,0,0
4/6/2016,6:45 AM,0,0,0
4/6/2016,7:00 AM,0,0,0
4/6/2016,7:15 AM,0,0,0
4/6/2016,7:30 AM,0,0,0
4/6/2016,7:45 AM,0,0,0
4/6/2016,8:00 AM,0,0,0
4/6/2016,8:15 AM,0,0,0
4/6/2016,8:30 AM,0,0,0
4/6/2016,8:45 AM,0,0,0
4/6/2016,9:00 AM,0,0,0
4/6/2016,9:15 AM,0,0,0
4/6/2016,9:30 AM,0,0,0
4/6/2016,9:45 AM,0,0,0
4/6/2016,10:00 AM,0,0,0
4/6/2016,10:15 AM,0,0,0
4/6/2016,10:30 AM,0,0,0
4/6/2016,10:45 AM,0,0,0
4/6/2016,11:00 AM,0,0,0
4/6/2016,11:15 AM,0,0,0
4/6/2016,11:30 AM,0,0,0
4/6/2016,11:45 AM,0,0,0
4/6/2016,12:00 PM,0,0,0
4/6/2016,12:15 PM,0,0,0
4/6/2016,12:30 PM,0,0,0
4/6/2016,12:45 PM,0,0,0
4/6/2016,1:00 PM,0,0,0
4/6/2016,1:15 PM,0,0,0
4/6/2016,1:30 PM,0,0,0
4/6/2016,1:45 PM,0,0,0
4/6/2016,2:00 PM,0,0,0
4/6/2016,2:15 PM,0,0,0
4/6/2016,2:30 PM,0,0,0
4/6/2016,2:45 PM,0,0,0
4/6/2016,3:00 PM,0,0,0
4/6/2016,3:15 PM,0,0,0
4/6/2016,3:30 PM,0,0,0
4/6/2016,3:45 PM,0,0,0
4/6/2016,4:00 PM,0,0,0
4/6/2016,4:15 PM,0,0,0
4/6/2016,4:30 PM,0,0,0
4/6/2016,4:45 PM,0,0,0
4/6/2016,5:00 PM,0,0,0
4/6/2016,5:15 PM,0,0,0
4/6/2016,5:30 PM,0,0,0
4/6/2016,5:45 PM,0,0,0
4/6/2016,6:00 PM,0,0,0
4/6/2016,6:15 PM,0,0,0
4/6/2016,6:30 PM,0,0,0
4/6/2016,6:45 PM,0,0,0
4/6/2016,7:00 PM,0,0,0
4/6/2016,7:15 PM,0,0,0
4/6/2016,7:30 PM,0,0,0
4/6/2016,7:45 PM,0,0,0
4/6/2016,8:00 PM,0,0,0
4/6/2016,8:15 PM,0,0,0
4/6/2016,8:30 PM,0,0,0
4/6/2016,8:45 PM,0,0,0
4/6/2016,9:00 PM,0,0,0
4/6/2016,9:15 PM,0,0,0
4/6/2016,9:30 PM,0,0,0
4/6/2016,9:45 PM,0,0,0
4/6/2016,10:00 PM,0,0,0
4/6/2016,10:15 PM,0,0,0
4/6/2016,10:30 PM,0,0,0
4/6/2016,10:45 PM,0,0,0
4/6/2016,11:00 PM,0,0,0
4/6/2016,11:15 PM,0,0,0
4/6/2016,11:30 PM,0,0,0
4/6/2016,11:45 PM,0,0,0
4/7/2016,12:00 AM,0,0,0
4/7/2016,12:15 AM,0,0,0
4/7/2016,12:30 AM,0,0,0
4/7/2016,12:45 AM,0.2,0,0.00787402
4/7/2016,1:00 AM,0,0,0
4/7/2016,1:15 AM,0,0,0
4/7/2016,1:30 AM,0,0,0
4/7/2016,1:45 AM,0,0,0
4/7/2016,2:00 AM,0,0,0
4/7/2016,2:15 AM,0,0,0
4/7/2016,2:30 AM,0,0,0
4/7/2016,2:45 AM,0,0,0
4/7/2016,3:00 AM,0,0,0
4/7/2016,3:15 AM,0,0,0
4/7/2016,3:30 AM,0,0,0
4/7/2016,3:45 AM,0,0,0
4/7/2016,4:00 AM,0,0,0
4/7/2016,4:15 AM,0,0,0
4/7/2016,4:30 AM,0,0,0
4/7/2016,4:45 AM,0,0,0
4/7/2016,5:00 AM,0,0,0
4/7/2016,5:15 AM,0,0,0
4/7/2016,5:30 AM,0,0,0
4/7/2016,5:45 AM,0,0,0
4/7/2016,6:00 AM,0,0,0
4/7/2016,6:15 AM,0,0,0
4/7/2016,6:30 AM,0,0,0
4/7/2016,6:45 AM,0,0,0
4/7/2016,7:00 AM,0,0,0
4/7/2016,7:15 AM,0,0,0
4/7/2016,7:30 AM,0,0,0
4/7/2016,7:45 AM,0,0,0
4/7/2016,8:00 AM,0,0,0
4/7/2016,8:15 AM,0,0,0
4/7/2016,8:30 AM,0,0,0
4/7/2016,8:45 AM,0,0,0
4/7/2016,9:00 AM,0,0,0
4/7/2016,9:15 AM,0,0,0
4/7/2016,9:30 AM,0,0,0
4/7/2016,9:45 AM,0,0,0
4/7/2016,10:00 AM,0,0,0
4/7/2016,10:15 AM,0,0,0
4/7/2016,10:30 AM,0,0,0
4/7/2016,10:45 AM,0,0,0
4/7/2016,11:00 AM,0,0,0
4/7/2016,11:15 AM,0,0,0
4/7/2016,11:30 AM,0.4,8.8,0.01574804
4/7/2016,11:45 AM,0,0.8,0
4/7/2016,12:00 PM,0,0,0
4/7/2016,12:15 PM,0,0,0
4/7/2016,12:30 PM,0,0,0
4/7/2016,12:45 PM,0,0,0
4/7/2016,1:00 PM,0,0,0
4/7/2016,1:15 PM,0,0,0
4/7/2016,1:30 PM,0,0,0
4/7/2016,1:45 PM,0,0,0
4/7/2016,2:00 PM,0,0,0
4/7/2016,2:15 PM,0,0,0
4/7/2016,2:30 PM,0,0,0
4/7/2016,2:45 PM,0,0,0
4/7/2016,3:00 PM,0,0,0
4/7/2016,3:15 PM,0,0,0
4/7/2016,3:30 PM,0,0,0
4/7/2016,3:45 PM,0,0,0
4/7/2016,4:00 PM,0,0,0
4/7/2016,4:15 PM,0,0,0
4/7/2016,4:30 PM,0,0,0
4/7/2016,4:45 PM,0,0,0
4/7/2016,5:00 PM,0,0,0
4/7/2016,5:15 PM,0,0,0
4/7/2016,5:30 PM,0,0,0
4/7/2016,5:45 PM,0,0,0
4/7/2016,6:00 PM,0,0,0
4/7/2016,6:15 PM,0.4,3,0.01574804
4/7/2016,6:30 PM,0,0,0
4/7/2016,6:45 PM,1.6,44.4,0.06299216
4/7/2016,7:00 PM,0,0,0
4/7/2016,7:15 PM,0,0,0
4/7/2016,7:30 PM,0,0,0
4/7/2016,7:45 PM,0,0,0
4/7/2016,8:00 PM,0,0,0
4/7/2016,8:15 PM,0,0,0
4/7/2016,8:30 PM,0,0,0
4/7/2016,8:45 PM,0,0,0
4/7/2016,9:00 PM,3.2,35.8,0.12598432
4/7/2016,9:15 PM,0.6,19.2,0.02362206
4/7/2016,9:30 PM,0.2,1.8,0.00787402
4/7/2016,9:45 PM,0,0,0
4/7/2016,10:00 PM,0,0,0
4/7/2016,10:15 PM,0,0,0
4/7/2016,10:30 PM,0,0,0
4/7/2016,10:45 PM,0,0,0
4/7/2016,11:00 PM,0,0,0
4/7/2016,11:15 PM,0,0,0
4/7/2016,11:30 PM,0,0,0
4/7/2016,11:45 PM,0,0,0
4/8/2016,12:00 AM,0,0,0
4/8/2016,12:15 AM,0,0,0
4/8/2016,12:30 AM,0,0,0
4/8/2016,12:45 AM,0,0,0
4/8/2016,1:00 AM,0.2,0,0.00787402
4/8/2016,1:15 AM,0.2,1,0.00787402
4/8/2016,1:30 AM,0,0,0
4/8/2016,1:45 AM,0,0,0
4/8/2016,2:00 AM,0,0,0
4/8/2016,2:15 AM,0,0,0
4/8/2016,2:30 AM,0,0,0
4/8/2016,2:45 AM,0,0,0
4/8/2016,3:00 AM,0,0,0
4/8/2016,3:15 AM,0,0,0
4/8/2016,3:30 AM,0,0,0
4/8/2016,3:45 AM,0,0,0
4/8/2016,4:00 AM,0,0,0
4/8/2016,4:15 AM,0,0,0
4/8/2016,4:30 AM,0,0,0
4/8/2016,4:45 AM,0,0,0
4/8/2016,5:00 AM,0,0,0
4/8/2016,5:15 AM,0,0,0
4/8/2016,5:30 AM,0,0,0
4/8/2016,5:45 AM,0.4,11,0.01574804
4/8/2016,6:00 AM,1.8,35.2,0.07086618
4/8/2016,6:15 AM,0,0.8,0
4/8/2016,6:30 AM,0,0,0
4/8/2016,6:45 AM,0,0,0
4/8/2016,7:00 AM,0,0,0
4/8/2016,7:15 AM,0,0,0
4/8/2016,7:30 AM,0,0,0
4/8/2016,7:45 AM,0,0,0
4/8/2016,8:00 AM,0,0,0
4/8/2016,8:15 AM,0,0,0
4/8/2016,8:30 AM,0,0,0
4/8/2016,8:45 AM,0,0,0
4/8/2016,9:00 AM,0,0,0
4/8/2016,9:15 AM,0,0,0
4/8/2016,9:30 AM,0,0,0
4/8/2016,9:45 AM,0,0,0
4/8/2016,10:00 AM,0,0,0
4/8/2016,10:15 AM,0,0,0
4/8/2016,10:30 AM,0,0,0
4/8/2016,10:45 AM,0,0,0
4/8/2016,11:00 AM,0,0,0
4/8/2016,11:15 AM,0,0,0
4/8/2016,11:30 AM,0.2,0,0.00787402
4/8/2016,11:45 AM,0,0,0
4/8/2016,12:00 PM,0,0,0
4/8/2016,12:15 PM,0,0,0
4/8/2016,12:30 PM,0,0,0
4/8/2016,12:45 PM,0,0,0
4/8/2016,1:00 PM,0,0,0
4/8/2016,1:15 PM,0,0,0
4/8/2016,1:30 PM,0,0,0
4/8/2016,1:45 PM,0,0,0
4/8/2016,2:00 PM,0,0,0
4/8/2016,2:15 PM,0,0,0
4/8/2016,2:30 PM,0,0,0
4/8/2016,2:45 PM,0,0,0
4/8/2016,3:00 PM,0,0,0
4/8/2016,3:15 PM,0,0,0
4/8/2016,3:30 PM,0,0,0
4/8/2016,3:45 PM,0,0,0
4/8/2016,4:00 PM,0,0,0
4/8/2016,4:15 PM,0,0,0
4/8/2016,4:30 PM,0,0,0
4/8/2016,4:45 PM,0,0,0
4/8/2016,5:00 PM,0,0,0
4/8/2016,5:15 PM,0,0,0
4/8/2016,5:30 PM,0,0,0
4/8/2016,5:45 PM,0,0,0
4/8/2016,6:00 PM,0,0,0
4/8/2016,6:15 PM,0,0,0
4/8/2016,6:30 PM,0,0,0
4/8/2016,6:45 PM,0,0,0
4/8/2016,7:00 PM,0,0,0
4/8/2016,7:15 PM,0,0,0
4/8/2016,7:30 PM,0,0,0
4/8/2016,7:45 PM,0,0,0
4/8/2016,8:00 PM,0,0,0
4/8/2016,8:15 PM,0,0,0
4/8/2016,8:30 PM,0,0,0
4/8/2016,8:45 PM,0,0,0
4/8/2016,9:00 PM,0,0,0
4/8/2016,9:15 PM,0,0,0
4/8/2016,9:30 PM,0,0,0
4/8/2016,9:45 PM,0,0,0
4/8/2016,10:00 PM,0.2,0,0.00787402
4/8/2016,10:15 PM,0,0,0
4/8/2016,10:30 PM,0,0,0
4/8/2016,10:45 PM,0,0,0
4/8/2016,11:00 PM,0,0,0
4/8/2016,11:15 PM,0,0,0
4/8/2016,11:30 PM,0,0,0
4/8/2016,11:45 PM,0,0,0
4/9/2016,12:00 AM,0,0,0
4/9/2016,12:15 AM,0,0,0
4/9/2016,12:30 AM,0,0,0
4/9/2016,12:45 AM,0,0,0
4/9/2016,1:00 AM,0,0,0
4/9/2016,1:15 AM,0,0,0
4/9/2016,1:30 AM,0,0,0
4/9/2016,1:45 AM,0,0,0
4/9/2016,2:00 AM,0,0,0
4/9/2016,2:15 AM,0,0,0
4/9/2016,2:30 AM,0,0,0
4/9/2016,2:45 AM,0.4,1.6,0.01574804
4/9/2016,3:00 AM,0.6,8.8,0.02362206
4/9/2016,3:15 AM,0.4,5.2,0.01574804
4/9/2016,3:30 AM,5.2,78.4,0.20472452
4/9/2016,3:45 AM,10.8,131,0.42519708
4/9/2016,4:00 AM,7.4,74.8,0.29133874
4/9/2016,4:15 AM,2.8,26.2,0.11023628
4/9/2016,4:30 AM,1.8,24.2,0.07086618
4/9/2016,4:45 AM,4,63.6,0.1574804
4/9/2016,5:00 AM,3,35.4,0.1181103
4/9/2016,5:15 AM,1.4,7.6,0.05511814
4/9/2016,5:30 AM,2.8,50.8,0.11023628
4/9/2016,5:45 AM,0.4,4.6,0.01574804
4/9/2016,6:00 AM,0.2,1.4,0.00787402
4/9/2016,6:15 AM,0.4,1.4,0.01574804
4/9/2016,6:30 AM,1.4,23.4,0.05511814
4/9/2016,6:45 AM,0.4,2.4,0.01574804
4/9/2016,7:00 AM,0.6,2.4,0.02362206
4/9/2016,7:15 AM,0.6,3.2,0.02362206
4/9/2016,7:30 AM,0.8,5.6,0.03149608
4/9/2016,7:45 AM,1.6,15.8,0.06299216
4/9/2016,8:00 AM,0.6,3.6,0.02362206
4/9/2016,8:15 AM,0.6,2.8,0.02362206
4/9/2016,8:30 AM,0.2,2.8,0.00787402
4/9/2016,8:45 AM,2.2,55.4,0.08661422
4/9/2016,9:00 AM,0.4,1.8,0.01574804
4/9/2016,9:15 AM,0.4,1.6,0.01574804
4/9/2016,9:30 AM,0.2,1.4,0.00787402
4/9/2016,9:45 AM,0,0.8,0
4/9/2016,10:00 AM,0,0,0
4/9/2016,10:15 AM,0.2,0,0.00787402
4/9/2016,10:30 AM,0.2,0,0.00787402
4/9/2016,10:45 AM,0,0,0
4/9/2016,11:00 AM,0,0,0
4/9/2016,11:15 AM,0,0,0
4/9/2016,11:30 AM,0,0,0
4/9/2016,11:45 AM,0,0,0
4/9/2016,12:00 PM,0,0,0
4/9/2016,12:15 PM,0,0,0
4/9/2016,12:30 PM,0,0,0
4/9/2016,12:45 PM,0,0,0
4/9/2016,1:00 PM,0,0,0
4/9/2016,1:15 PM,0,0,0
4/9/2016,1:30 PM,0,0,0
4/9/2016,1:45 PM,0,0,0
4/9/2016,2:00 PM,0,0,0
4/9/2016,2:15 PM,0,0,0
4/9/2016,2:30 PM,0,0,0
4/9/2016,2:45 PM,0,0,0
4/9/2016,3:00 PM,0,0,0
4/9/2016,3:15 PM,0,0,0
4/9/2016,3:30 PM,0,0,0
4/9/2016,3:45 PM,0,0,0
4/9/2016,4:00 PM,0,0,0
4/9/2016,4:15 PM,0,0,0
4/9/2016,4:30 PM,0,0,0
4/9/2016,4:45 PM,0,0,0
4/9/2016,5:00 PM,0,0,0
4/9/2016,5:15 PM,0.6,16.6,0.02362206
4/9/2016,5:30 PM,0,0,0
4/9/2016,5:45 PM,0,0,0
4/9/2016,6:00 PM,0,0,0
4/9/2016,6:15 PM,0,0,0
4/9/2016,6:30 PM,0.2,0,0.00787402
4/9/2016,6:45 PM,0.2,0,0.00787402
4/9/2016,7:00 PM,0,0,0
4/9/2016,7:15 PM,0,0,0
4/9/2016,7:30 PM,0,0,0
4/9/2016,7:45 PM,0,0,0
4/9/2016,8:00 PM,0,0,0
4/9/2016,8:15 PM,0,0,0
4/9/2016,8:30 PM,0,0,0
4/9/2016,8:45 PM,0,0,0
4/9/2016,9:00 PM,0,0,0
4/9/2016,9:15 PM,0,0,0
4/9/2016,9:30 PM,0,0,0
4/9/2016,9:45 PM,0,0,0
4/9/2016,10:00 PM,0.8,18,0.03149608
4/9/2016,10:15 PM,0.2,1.8,0.00787402
4/9/2016,10:30 PM,1,43,0.0393701
4/9/2016,10:45 PM,4.4,89.4,0.17322844
4/9/2016,11:00 PM,1,24,0.0393701
4/9/2016,11:15 PM,1.8,42,0.07086618
4/9/2016,11:30 PM,0.2,6.4,0.00787402
4/9/2016,11:45 PM,0,0,0
4/10/2016,12:00 AM,0,0,0
4/10/2016,12:15 AM,0,0,0
4/10/2016,12:30 AM,0.2,0,0.00787402
4/10/2016,12:45 AM,0.8,10.8,0.03149608
4/10/2016,1:00 AM,2.8,27.2,0.11023628
4/10/2016,1:15 AM,5.8,45.4,0.22834658
4/10/2016,1:30 AM,0.2,19.6,0.00787402
4/10/2016,1:45 AM,1,14.8,0.0393701
4/10/2016,2:00 AM,0.4,12,0.01574804
4/10/2016,2:15 AM,0.4,1.4,0.01574804
4/10/2016,2:30 AM,0.6,3.6,0.02362206
4/10/2016,2:45 AM,0.8,8.8,0.03149608
4/10/2016,3:00 AM,0.4,5.4,0.01574804
4/10/2016,3:15 AM,0.2,1.2,0.00787402
4/10/2016,3:30 AM,0.2,1,0.00787402
4/10/2016,3:45 AM,0.4,1.6,0.01574804
4/10/2016,4:00 AM,0.4,2.4,0.01574804
4/10/2016,4:15 AM,0.4,1.8,0.01574804
4/10/2016,4:30 AM,0.4,1.6,0.01574804
4/10/2016,4:45 AM,0.2,1.2,0.00787402
4/10/2016,5:00 AM,0,0,0
4/10/2016,5:15 AM,0,0,0
4/10/2016,5:30 AM,0,0,0
4/10/2016,5:45 AM,0,0,0
4/10/2016,6:00 AM,0,0,0
4/10/2016,6:15 AM,0.2,0,0.00787402
4/10/2016,6:30 AM,0,0,0
4/10/2016,6:45 AM,0,0,0
4/10/2016,7:00 AM,0,0,0
4/10/2016,7:15 AM,0,0,0
4/10/2016,7:30 AM,6.2,138.8,0.24409462
4/10/2016,7:45 AM,1,48.4,0.0393701
4/10/2016,8:00 AM,5.2,69.8,0.20472452
4/10/2016,8:15 AM,2,88,0.0787402
4/10/2016,8:30 AM,0,0.8,0
4/10/2016,8:45 AM,3.6,56,0.14173236
4/10/2016,9:00 AM,7.4,80.6,0.29133874
4/10/2016,9:15 AM,1.2,12,0.04724412
4/10/2016,9:30 AM,0,0,0
4/10/2016,9:45 AM,0.6,24.2,0.02362206
4/10/2016,10:00 AM,9.6,77.8,0.37795296
4/10/2016,10:15 AM,2,35.6,0.0787402
4/10/2016,10:30 AM,0.6,3.6,0.02362206
4/10/2016,10:45 AM,0.6,2.4,0.02362206
4/10/2016,11:00 AM,1,6.6,0.0393701
4/10/2016,11:15 AM,0.4,3.6,0.01574804
4/10/2016,11:30 AM,0.6,3.2,0.02362206
4/10/2016,11:45 AM,1,4.8,0.0393701
4/10/2016,12:00 PM,0.8,4,0.03149608
4/10/2016,12:15 PM,0.6,3.6,0.02362206
4/10/2016,12:30 PM,2.4,56.8,0.09448824
4/10/2016,12:45 PM,0.8,21,0.03149608
4/10/2016,1:00 PM,0.6,4.6,0.02362206
4/10/2016,1:15 PM,0.4,3,0.01574804
4/10/2016,1:30 PM,1,5.2,0.0393701
4/10/2016,1:45 PM,1,5.4,0.0393701
4/10/2016,2:00 PM,0.8,4,0.03149608
4/10/2016,2:15 PM,0.6,3.6,0.02362206
4/10/2016,2:30 PM,0.4,3,0.01574804
4/10/2016,2:45 PM,0.4,2,0.01574804
4/10/2016,3:00 PM,0.2,1.8,0.00787402
4/10/2016,3:15 PM,0.2,1,0.00787402
4/10/2016,3:30 PM,0.2,1,0.00787402
4/10/2016,3:45 PM,0.2,1.2,0.00787402
4/10/2016,4:00 PM,0,0,0
4/10/2016,4:15 PM,0.4,1.8,0.01574804
4/10/2016,4:30 PM,0,0,0
4/10/2016,4:45 PM,0.2,0,0.00787402
4/10/2016,5:00 PM,0.2,0,0.00787402
4/10/2016,5:15 PM,0,0,0
4/10/2016,5:30 PM,0.2,0,0.00787402
4/10/2016,5:45 PM,0.2,0,0.00787402
4/10/2016,6:00 PM,0.8,4,0.03149608
4/10/2016,6:15 PM,0.4,3,0.01574804
4/10/2016,6:30 PM,0,0,0
4/10/2016,6:45 PM,0,0,0
4/10/2016,7:00 PM,0.2,0,0.00787402
4/10/2016,7:15 PM,0,0,0
4/10/2016,7:30 PM,0,0,0
4/10/2016,7:45 PM,0,0,0
4/10/2016,8:00 PM,0,0,0
4/10/2016,8:15 PM,0.2,0,0.00787402
4/10/2016,8:30 PM,0,0,0
4/10/2016,8:45 PM,0,0,0
4/10/2016,9:00 PM,0,0,0
4/10/2016,9:15 PM,0,0,0
4/10/2016,9:30 PM,0,0,0
4/10/2016,9:45 PM,0,0,0
4/10/2016,10:00 PM,0,0,0
4/10/2016,10:15 PM,0,0,0
4/10/2016,10:30 PM,0,0,0
4/10/2016,10:45 PM,0,0,0
4/10/2016,11:00 PM,0.2,0,0.00787402
4/10/2016,11:15 PM,0,0,0
4/10/2016,11:30 PM,0,0,0
4/10/2016,11:45 PM,0,0,0
4/11/2016,12:00 AM,0,0,0
4/11/2016,12:15 AM,0,0,0
4/11/2016,12:30 AM,0,0,0
4/11/2016,12:45 AM,0,0,0
4/11/2016,1:00 AM,0,0,0
4/11/2016,1:15 AM,0,0,0
4/11/2016,1:30 AM,0,0,0
4/11/2016,1:45 AM,0,0,0
4/11/2016,2:00 AM,0,0,0
4/11/2016,2:15 AM,0,0,0
4/11/2016,2:30 AM,0,0,0
4/11/2016,2:45 AM,0,0,0
4/11/2016,3:00 AM,0,0,0
4/11/2016,3:15 AM,0,0,0
4/11/2016,3:30 AM,0,0,0
4/11/2016,3:45 AM,0,0,0
4/11/2016,4:00 AM,0,0,0
4/11/2016,4:15 AM,0,0,0
4/11/2016,4:30 AM,0,0,0
4/11/2016,4:45 AM,0,0,0
4/11/2016,5:00 AM,0,0,0
4/11/2016,5:15 AM,0,0,0
4/11/2016,5:30 AM,0,0,0
4/11/2016,5:45 AM,0.4,6,0.01574804
4/11/2016,6:00 AM,1.2,32,0.04724412
4/11/2016,6:15 AM,0,0,0
4/11/2016,6:30 AM,0,0,0
4/11/2016,6:45 AM,0,0,0
4/11/2016,7:00 AM,0.2,0,0.00787402
4/11/2016,7:15 AM,0,0,0
4/11/2016,7:30 AM,0,0,0
4/11/2016,7:45 AM,0,0,0
4/11/2016,8:00 AM,0,0,0
4/11/2016,8:15 AM,0,0,0
4/11/2016,8:30 AM,0,0,0
4/11/2016,8:45 AM,0,0,0
4/11/2016,9:00 AM,0,0,0
4/11/2016,9:15 AM,0,0,0
4/11/2016,9:30 AM,0,0,0
4/11/2016,9:45 AM,0,0,0
4/11/2016,10:00 AM,0,0,0
4/11/2016,10:15 AM,0,0,0
4/11/2016,10:30 AM,0,0,0
4/11/2016,10:45 AM,0,0,0
4/11/2016,11:00 AM,0,0,0
4/11/2016,11:15 AM,0,0,0
4/11/2016,11:30 AM,0,0,0
4/11/2016,11:45 AM,0.2,0,0.00787402
4/11/2016,12:00 PM,0,0,0
4/11/2016,12:15 PM,0,0,0
4/11/2016,12:30 PM,0,0,0
4/11/2016,12:45 PM,0,0,0
4/11/2016,1:00 PM,0,0,0
4/11/2016,1:15 PM,0,0,0
4/11/2016,1:30 PM,0,0,0
4/11/2016,1:45 PM,0,0,0
4/11/2016,2:00 PM,0,0,0
4/11/2016,2:15 PM,0,0,0
4/11/2016,2:30 PM,0,0,0
4/11/2016,2:45 PM,0,0,0
4/11/2016,3:00 PM,0,0,0
4/11/2016,3:15 PM,0,0,0
4/11/2016,3:30 PM,0,0,0
4/11/2016,3:45 PM,0,0,0
4/11/2016,4:00 PM,0,0,0
4/11/2016,4:15 PM,0,0,0
4/11/2016,4:30 PM,0,0,0
4/11/2016,4:45 PM,2.2,50.4,0.08661422
4/11/2016,5:00 PM,0.8,11,0.03149608
4/11/2016,5:15 PM,1.6,24.4,0.06299216
4/11/2016,5:30 PM,0.4,2.4,0.01574804
4/11/2016,5:45 PM,1.2,5.6,0.04724412
4/11/2016,6:00 PM,1.2,7.2,0.04724412
4/11/2016,6:15 PM,2,12.8,0.0787402
4/11/2016,6:30 PM,1.4,12.8,0.05511814
4/11/2016,6:45 PM,1.2,5.8,0.04724412
4/11/2016,7:00 PM,1.6,15.8,0.06299216
4/11/2016,7:15 PM,1,10,0.0393701
4/11/2016,7:30 PM,0.8,5.2,0.03149608
4/11/2016,7:45 PM,1.2,9.4,0.04724412
4/11/2016,8:00 PM,1,9.4,0.0393701
4/11/2016,8:15 PM,1.4,7.6,0.05511814
4/11/2016,8:30 PM,0.4,5.4,0.01574804
4/11/2016,8:45 PM,0.4,2,0.01574804
4/11/2016,9:00 PM,0.4,1.6,0.01574804
4/11/2016,9:15 PM,0.2,1.6,0.00787402
4/11/2016,9:30 PM,0.2,1,0.00787402
4/11/2016,9:45 PM,0,0,0
4/11/2016,10:00 PM,0,0,0
4/11/2016,10:15 PM,0.4,1.2,0.01574804
4/11/2016,10:30 PM,0.2,1.2,0.00787402
4/11/2016,10:45 PM,0.4,1.6,0.01574804
4/11/2016,11:00 PM,0.2,1.6,0.00787402
4/11/2016,11:15 PM,0.2,1,0.00787402
4/11/2016,11:30 PM,0,0,0
4/11/2016,11:45 PM,0,0,0
4/12/2016,12:00 AM,0,0,0
4/12/2016,12:15 AM,0.2,0,0.00787402
4/12/2016,12:30 AM,0,0,0
4/12/2016,12:45 AM,0,0,0
4/12/2016,1:00 AM,0.4,13.2,0.01574804
4/12/2016,1:15 AM,0,0.8,0
4/12/2016,1:30 AM,0.2,0.8,0.00787402
4/12/2016,1:45 AM,0,0,0
4/12/2016,2:00 AM,0.2,0,0.00787402
4/12/2016,2:15 AM,0,0,0
4/12/2016,2:30 AM,1,11.4,0.0393701
4/12/2016,2:45 AM,0.2,1.2,0.00787402
4/12/2016,3:00 AM,0,0,0
4/12/2016,3:15 AM,0,0,0
4/12/2016,3:30 AM,0.2,0,0.00787402
4/12/2016,3:45 AM,0,0,0
4/12/2016,4:00 AM,0.2,2,0.00787402
4/12/2016,4:15 AM,0.8,5.2,0.03149608
4/12/2016,4:30 AM,0.4,2,0.01574804
4/12/2016,4:45 AM,0.2,2,0.00787402
4/12/2016,5:00 AM,0.4,1.2,0.01574804
4/12/2016,5:15 AM,0.4,2,0.01574804
4/12/2016,5:30 AM,0.2,1.6,0.00787402
4/12/2016,5:45 AM,0,0,0
4/12/2016,6:00 AM,0.8,10.6,0.03149608
4/12/2016,6:15 AM,0,0.8,0
4/12/2016,6:30 AM,0,0,0
4/12/2016,6:45 AM,0.4,1.8,0.01574804
4/12/2016,7:00 AM,0.6,2.8,0.02362206
4/12/2016,7:15 AM,1,5,0.0393701
4/12/2016,7:30 AM,0.6,4.2,0.02362206
4/12/2016,7:45 AM,0.2,2.8,0.00787402
4/12/2016,8:00 AM,0.2,1,0.00787402
4/12/2016,8:15 AM,0,0,0
4/12/2016,8:30 AM,0,0,0
4/12/2016,8:45 AM,0,0,0
4/12/2016,9:00 AM,0,0,0
4/12/2016,9:15 AM,0,0,0
4/12/2016,9:30 AM,0,0,0
4/12/2016,9:45 AM,0,0,0
4/12/2016,10:00 AM,0,0,0
4/12/2016,10:15 AM,0,0,0
4/12/2016,10:30 AM,0,0,0
4/12/2016,10:45 AM,0,0,0
4/12/2016,11:00 AM,0,0,0
4/12/2016,11:15 AM,0,0,0
4/12/2016,11:30 AM,0,0,0
4/12/2016,11:45 AM,0,0,0
4/12/2016,12:00 PM,0,0,0
4/12/2016,12:15 PM,0.2,0,0.00787402
4/12/2016,12:30 PM,0,0,0
4/12/2016,12:45 PM,0,0,0
4/12/2016,1:00 PM,0,0,0
4/12/2016,1:15 PM,0,0,0
4/12/2016,1:30 PM,0,0,0
4/12/2016,1:45 PM,0,0,0
4/12/2016,2:00 PM,0,0,0
4/12/2016,2:15 PM,0,0,0
4/12/2016,2:30 PM,0,0,0
4/12/2016,2:45 PM,0,0,0
4/12/2016,3:00 PM,0.4,18.2,0.01574804
4/12/2016,3:15 PM,0,0,0
4/12/2016,3:30 PM,0,0,0
4/12/2016,3:45 PM,0,0,0
4/12/2016,4:00 PM,0,0,0
4/12/2016,4:15 PM,0,0,0
4/12/2016,4:30 PM,0,0,0
4/12/2016,4:45 PM,0,0,0
4/12/2016,5:00 PM,0.2,0,0.00787402
4/12/2016,5:15 PM,0,0,0
4/12/2016,5:30 PM,0,0,0
4/12/2016,5:45 PM,0,0,0
4/12/2016,6:00 PM,0,0,0
4/12/2016,6:15 PM,0,0,0
4/12/2016,6:30 PM,0,0,0
4/12/2016,6:45 PM,0,0,0
4/12/2016,7:00 PM,0,0,0
4/12/2016,7:15 PM,0,0,0
4/12/2016,7:30 PM,0,0,0
4/12/2016,7:45 PM,0,0,0
4/12/2016,8:00 PM,0,0,0
4/12/2016,8:15 PM,0,0,0
4/12/2016,8:30 PM,0.4,5.4,0.01574804
4/12/2016,8:45 PM,0.2,1.8,0.00787402
4/12/2016,9:00 PM,0,0,0
4/12/2016,9:15 PM,0,0,0
4/12/2016,9:30 PM,0,0,0
4/12/2016,9:45 PM,0,0,0
4/12/2016,10:00 PM,0,0,0
4/12/2016,10:15 PM,0,0,0
4/12/2016,10:30 PM,0,0,0
4/12/2016,10:45 PM,0,0,0
4/12/2016,11:00 PM,0,0,0
4/12/2016,11:15 PM,0,0,0
4/12/2016,11:30 PM,0,0,0
4/12/2016,11:45 PM,0.2,0,0.00787402
4/13/2016,12:00 AM,0,0,0
4/13/2016,12:15 AM,0.4,18,0.01574804
4/13/2016,12:30 AM,0.2,12.6,0.00787402
4/13/2016,12:45 AM,0,0,0
4/13/2016,1:00 AM,0,0,0
4/13/2016,1:15 AM,0.2,0,0.00787402
4/13/2016,1:30 AM,0.6,3.4,0.02362206
4/13/2016,1:45 AM,0,0.8,0
4/13/2016,2:00 AM,2.2,31,0.08661422
4/13/2016,2:15 AM,1.4,26.8,0.05511814
4/13/2016,2:30 AM,2.2,33.6,0.08661422
4/13/2016,2:45 AM,1.4,13.4,0.05511814
4/13/2016,3:00 AM,0.4,3.6,0.01574804
4/13/2016,3:15 AM,0,0,0
4/13/2016,3:30 AM,0,0,0
4/13/2016,3:45 AM,0.2,0,0.00787402
4/13/2016,4:00 AM,0.2,0,0.00787402
4/13/2016,4:15 AM,0,0,0
4/13/2016,4:30 AM,0,0,0
4/13/2016,4:45 AM,0,0,0
4/13/2016,5:00 AM,0.2,0,0.00787402
4/13/2016,5:15 AM,0.4,1.8,0.01574804
4/13/2016,5:30 AM,0.2,1.8,0.00787402
4/13/2016,5:45 AM,0.2,1.2,0.00787402
4/13/2016,6:00 AM,0.2,0.8,0.00787402
4/13/2016,6:15 AM,0,0,0
4/13/2016,6:30 AM,0,0,0
4/13/2016,6:45 AM,0.2,0,0.00787402
4/13/2016,7:00 AM,0.2,0,0.00787402
4/13/2016,7:15 AM,0,0,0
4/13/2016,7:30 AM,0,0,0
4/13/2016,7:45 AM,0,0,0
4/13/2016,8:00 AM,0,0,0
4/13/2016,8:15 AM,0,0,0
4/13/2016,8:30 AM,0,0,0
4/13/2016,8:45 AM,0,0,0
4/13/2016,9:00 AM,0,0,0
4/13/2016,9:15 AM,0,0,0
4/13/2016,9:30 AM,0.2,0,0.00787402
4/13/2016,9:45 AM,0,0,0
4/13/2016,10:00 AM,0,0,0
4/13/2016,10:15 AM,0,0,0
4/13/2016,10:30 AM,0,0,0
4/13/2016,10:45 AM,0,0,0
4/13/2016,11:00 AM,0,0,0
4/13/2016,11:15 AM,0,0,0
4/13/2016,11:30 AM,0,0,0
4/13/2016,11:45 AM,0,0,0
4/13/2016,12:00 PM,0.2,0,0.00787402
4/13/2016,12:15 PM,0,0,0
4/13/2016,12:30 PM,0,0,0
4/13/2016,12:45 PM,0,0,0
4/13/2016,1:00 PM,0,0,0
4/13/2016,1:15 PM,0,0,0
4/13/2016,1:30 PM,0,0,0
4/13/2016,1:45 PM,0,0,0
4/13/2016,2:00 PM,0,0,0
4/13/2016,2:15 PM,0,0,0
4/13/2016,2:30 PM,0,0,0
4/13/2016,2:45 PM,0.8,3.2,0.03149608
4/13/2016,3:00 PM,1.2,9.6,0.04724412
4/13/2016,3:15 PM,0.6,7.8,0.02362206
4/13/2016,3:30 PM,0,0,0
4/13/2016,3:45 PM,1.2,32.8,0.04724412
4/13/2016,4:00 PM,3,41,0.1181103
4/13/2016,4:15 PM,0.6,5.2,0.02362206
4/13/2016,4:30 PM,2.4,15.8,0.09448824
4/13/2016,4:45 PM,1.4,23.2,0.05511814
4/13/2016,5:00 PM,0.4,11,0.01574804
4/13/2016,5:15 PM,0,0,0
4/13/2016,5:30 PM,0,0,0
4/13/2016,5:45 PM,0.2,0,0.00787402
4/13/2016,6:00 PM,0.2,1.6,0.00787402
4/13/2016,6:15 PM,0.2,1,0.00787402
4/13/2016,6:30 PM,0,0,0
4/13/2016,6:45 PM,0.2,0,0.00787402
4/13/2016,7:00 PM,0.2,0.8,0.00787402
4/13/2016,7:15 PM,0,0,0
4/13/2016,7:30 PM,0.6,12.4,0.02362206
4/13/2016,7:45 PM,1.6,22,0.06299216
4/13/2016,8:00 PM,0.6,7.6,0.02362206
4/13/2016,8:15 PM,0.2,1.8,0.00787402
4/13/2016,8:30 PM,0,0,0
4/13/2016,8:45 PM,0,0,0
4/13/2016,9:00 PM,0,0,0
4/13/2016,9:15 PM,0,0,0
4/13/2016,9:30 PM,0,0,0
4/13/2016,9:45 PM,0.4,4.2,0.01574804
4/13/2016,10:00 PM,0.4,1.8,0.01574804
4/13/2016,10:15 PM,2.2,71.2,0.08661422
4/13/2016,10:30 PM,3,63,0.1181103
4/13/2016,10:45 PM,0.4,13.2,0.01574804
4/13/2016,11:00 PM,1.6,47.6,0.06299216
4/13/2016,11:15 PM,0.4,3.6,0.01574804
4/13/2016,11:30 PM,0.2,1.4,0.00787402
4/13/2016,11:45 PM,0.2,1,0.00787402
4/14/2016,12:00 AM,0,0,0
4/14/2016,12:15 AM,0,0,0
4/14/2016,12:30 AM,0,0,0
4/14/2016,12:45 AM,0,0,0
4/14/2016,1:00 AM,0,0,0
4/14/2016,1:15 AM,0.2,0,0.00787402
4/14/2016,1:30 AM,0,0,0
4/14/2016,1:45 AM,0.8,5.8,0.03149608
4/14/2016,2:00 AM,0.4,2.4,0.01574804
4/14/2016,2:15 AM,0,0.8,0
4/14/2016,2:30 AM,0,0,0
4/14/2016,2:45 AM,0,0,0
4/14/2016,3:00 AM,0,0,0
4/14/2016,3:15 AM,0,0,0
4/14/2016,3:30 AM,0,0,0
4/14/2016,3:45 AM,0,0,0
4/14/2016,4:00 AM,0,0,0
4/14/2016,4:15 AM,0,0,0
4/14/2016,4:30 AM,0,0,0
4/14/2016,4:45 AM,0,0,0
4/14/2016,5:00 AM,0,0,0
4/14/2016,5:15 AM,0,0,0
4/14/2016,5:30 AM,0,0,0
4/14/2016,5:45 AM,0,0,0
4/14/2016,6:00 AM,0,0,0
4/14/2016,6:15 AM,0,0,0
4/14/2016,6:30 AM,0,0,0
4/14/2016,6:45 AM,0,0,0
4/14/2016,7:00 AM,0,0,0
4/14/2016,7:15 AM,0,0,0
4/14/2016,7:30 AM,0,0,0
4/14/2016,7:45 AM,0,0,0
4/14/2016,8:00 AM,0,0,0
4/14/2016,8:15 AM,0,0,0
4/14/2016,8:30 AM,0,0,0
4/14/2016,8:45 AM,0,0,0
4/14/2016,9:00 AM,0,0,0
4/14/2016,9:15 AM,0,0,0
4/14/2016,9:30 AM,0,0,0
4/14/2016,9:45 AM,0,0,0
4/14/2016,10:00 AM,0,0,0
4/14/2016,10:15 AM,0.2,0,0.00787402
4/14/2016,10:30 AM,0.2,0,0.00787402
4/14/2016,10:45 AM,1.8,18.6,0.07086618
4/14/2016,11:00 AM,9.6,110.8,0.37795296
4/14/2016,11:15 AM,3,32.8,0.1181103
4/14/2016,11:30 AM,1.6,21.2,0.06299216
4/14/2016,11:45 AM,0.2,4.6,0.00787402
4/14/2016,12:00 PM,0,0,0
4/14/2016,12:15 PM,0,0,0
4/14/2016,12:30 PM,0,0,0
4/14/2016,12:45 PM,0,0,0
4/14/2016,1:00 PM,0,0,0
4/14/2016,1:15 PM,5.6,88.6,0.22047256
4/14/2016,1:30 PM,1.2,27.8,0.04724412
4/14/2016,1:45 PM,0.2,1.8,0.00787402
4/14/2016,2:00 PM,0.2,0.8,0.00787402
4/14/2016,2:15 PM,0.6,11.2,0.02362206
4/14/2016,2:30 PM,0.2,1.6,0.00787402
4/14/2016,2:45 PM,0.2,1.2,0.00787402
4/14/2016,3:00 PM,0,0,0
4/14/2016,3:15 PM,0.4,2,0.01574804
4/14/2016,3:30 PM,0.2,2.2,0.00787402
4/14/2016,3:45 PM,0.4,1.2,0.01574804
4/14/2016,4:00 PM,0.2,1.2,0.00787402
4/14/2016,4:15 PM,0,0,0
4/14/2016,4:30 PM,0,0,0
4/14/2016,4:45 PM,0.2,0,0.00787402
4/14/2016,5:00 PM,1.4,11,0.05511814
4/14/2016,5:15 PM,3,20.6,0.1181103
4/14/2016,5:30 PM,3.4,29.2,0.13385834
4/14/2016,5:45 PM,0.2,3.8,0.00787402
4/14/2016,6:00 PM,0.4,3.4,0.01574804
4/14/2016,6:15 PM,0.8,3.2,0.03149608
4/14/2016,6:30 PM,0.4,2.8,0.01574804
4/14/2016,6:45 PM,0.8,3.4,0.03149608
4/14/2016,7:00 PM,0.6,3.4,0.02362206
4/14/2016,7:15 PM,0.6,3,0.02362206
4/14/2016,7:30 PM,0.6,3.2,0.02362206
4/14/2016,7:45 PM,0.6,2.6,0.02362206
4/14/2016,8:00 PM,0.4,1.8,0.01574804
4/14/2016,8:15 PM,0.4,2.6,0.01574804
4/14/2016,8:30 PM,0.2,2.6,0.00787402
4/14/2016,8:45 PM,0.2,1.4,0.00787402
4/14/2016,9:00 PM,0.2,1,0.00787402
4/14/2016,9:15 PM,0,0,0
4/14/2016,9:30 PM,0,0,0
4/14/2016,9:45 PM,0,0,0
4/14/2016,10:00 PM,0,0,0
4/14/2016,10:15 PM,0,0,0
4/14/2016,10:30 PM,0,0,0
4/14/2016,10:45 PM,0,0,0
4/14/2016,11:00 PM,0,0,0
4/14/2016,11:15 PM,0,0,0
4/14/2016,11:30 PM,0,0,0
4/14/2016,11:45 PM,0,0,0
4/15/2016,12:00 AM,0.4,6.2,0.01574804
4/15/2016,12:15 AM,0,0,0
4/15/2016,12:30 AM,0,0,0
4/15/2016,12:45 AM,0.2,0,0.00787402
4/15/2016,1:00 AM,0,0,0
4/15/2016,1:15 AM,2.4,26.2,0.09448824
4/15/2016,1:30 AM,0.4,4,0.01574804
4/15/2016,1:45 AM,2,36.2,0.0787402
4/15/2016,2:00 AM,3,39,0.1181103
4/15/2016,2:15 AM,0.4,12,0.01574804
4/15/2016,2:30 AM,0.2,1.2,0.00787402
4/15/2016,2:45 AM,0,0,0
4/15/2016,3:00 AM,0.2,0,0.00787402
4/15/2016,3:15 AM,0.2,1,0.00787402
4/15/2016,3:30 AM,0.4,1.4,0.01574804
4/15/2016,3:45 AM,0.4,4.8,0.01574804
4/15/2016,4:00 AM,2.8,23.6,0.11023628
4/15/2016,4:15 AM,1.8,10.2,0.07086618
4/15/2016,4:30 AM,3,31.8,0.1181103
4/15/2016,4:45 AM,8,116.4,0.3149608
4/15/2016,5:00 AM,6.6,65,0.25984266
4/15/2016,5:15 AM,2.6,17.2,0.10236226
4/15/2016,5:30 AM,1.6,8.8,0.06299216
4/15/2016,5:45 AM,1.6,12.4,0.06299216
4/15/2016,6:00 AM,1.2,6.6,0.04724412
4/15/2016,6:15 AM,1,4.6,0.0393701
4/15/2016,6:30 AM,0.6,3.6,0.02362206
4/15/2016,6:45 AM,0.6,3.8,0.02362206
4/15/2016,7:00 AM,1.6,20,0.06299216
4/15/2016,7:15 AM,2.2,51.6,0.08661422
4/15/2016,7:30 AM,0.2,5.2,0.00787402
4/15/2016,7:45 AM,0,0,0
4/15/2016,8:00 AM,0.4,2.6,0.01574804
4/15/2016,8:15 AM,0.2,2.6,0.00787402
4/15/2016,8:30 AM,0.2,1,0.00787402
4/15/2016,8:45 AM,0.8,26.2,0.03149608
4/15/2016,9:00 AM,0,0,0
4/15/2016,9:15 AM,0,0,0
4/15/2016,9:30 AM,0.2,0,0.00787402
4/15/2016,9:45 AM,0,0,0
4/15/2016,10:00 AM,0,0,0
4/15/2016,10:15 AM,0,0,0
4/15/2016,10:30 AM,0,0,0
4/15/2016,10:45 AM,0.2,0,0.00787402
4/15/2016,11:00 AM,0,0,0
4/15/2016,11:15 AM,0,0,0
4/15/2016,11:30 AM,0,0,0
4/15/2016,11:45 AM,0,0,0
4/15/2016,12:00 PM,0,0,0
4/15/2016,12:15 PM,0,0,0
4/15/2016,12:30 PM,0,0,0
4/15/2016,12:45 PM,0,0,0
4/15/2016,1:00 PM,0,0,0
4/15/2016,1:15 PM,0,0,0
4/15/2016,1:30 PM,0,0,0
4/15/2016,1:45 PM,0,0,0
4/15/2016,2:00 PM,0,0,0
4/15/2016,2:15 PM,0,0,0
4/15/2016,2:30 PM,0,0,0
4/15/2016,2:45 PM,0,0,0
4/15/2016,3:00 PM,0,0,0
4/15/2016,3:15 PM,0,0,0
4/15/2016,3:30 PM,0,0,0
4/15/2016,3:45 PM,0,0,0
4/15/2016,4:00 PM,0,0,0
4/15/2016,4:15 PM,0,0,0
4/15/2016,4:30 PM,0,0,0
4/15/2016,4:45 PM,0,0,0
4/15/2016,5:00 PM,0,0,0
4/15/2016,5:15 PM,0,0,0
4/15/2016,5:30 PM,0,0,0
4/15/2016,5:45 PM,0,0,0
4/15/2016,6:00 PM,0,0,0
4/15/2016,6:15 PM,0,0,0
4/15/2016,6:30 PM,0,0,0
4/15/2016,6:45 PM,0,0,0
4/15/2016,7:00 PM,1.6,23.6,0.06299216
4/15/2016,7:15 PM,0.8,16.6,0.03149608
4/15/2016,7:30 PM,0,0,0
4/15/2016,7:45 PM,0,0,0
4/15/2016,8:00 PM,0,0,0
4/15/2016,8:15 PM,0,0,0
4/15/2016,8:30 PM,0,0,0
4/15/2016,8:45 PM,0,0,0
4/15/2016,9:00 PM,0,0,0
4/15/2016,9:15 PM,0.4,4.2,0.01574804
4/15/2016,9:30 PM,0.6,12.6,0.02362206
4/15/2016,9:45 PM,0,0,0
4/15/2016,10:00 PM,0,0,0
4/15/2016,10:15 PM,0,0,0
4/15/2016,10:30 PM,0,0,0
4/15/2016,10:45 PM,0,0,0
4/15/2016,11:00 PM,0,0,0
4/15/2016,11:15 PM,0,0,0
4/15/2016,11:30 PM,0,0,0
4/15/2016,11:45 PM,0.2,0,0.00787402
4/16/2016,12:00 AM,0,0,0
4/16/2016,12:15 AM,0,0,0
4/16/2016,12:30 AM,0,0,0
4/16/2016,12:45 AM,0,0,0
4/16/2016,1:00 AM,0,0,0
4/16/2016,1:15 AM,0,0,0
4/16/2016,1:30 AM,0,0,0
4/16/2016,1:45 AM,0,0,0
4/16/2016,2:00 AM,0,0,0
4/16/2016,2:15 AM,0,0,0
4/16/2016,2:30 AM,0,0,0
4/16/2016,2:45 AM,0,0,0
4/16/2016,3:00 AM,0,0,0
4/16/2016,3:15 AM,0,0,0
4/16/2016,3:30 AM,0,0,0
4/16/2016,3:45 AM,0,0,0
4/16/2016,4:00 AM,0,0,0
4/16/2016,4:15 AM,0,0,0
4/16/2016,4:30 AM,0,0,0
4/16/2016,4:45 AM,0,0,0
4/16/2016,5:00 AM,0,0,0
4/16/2016,5:15 AM,0,0,0
4/16/2016,5:30 AM,0,0,0
4/16/2016,5:45 AM,0,0,0
4/16/2016,6:00 AM,0,0,0
4/16/2016,6:15 AM,0,0,0
4/16/2016,6:30 AM,0,0,0
4/16/2016,6:45 AM,0,0,0
4/16/2016,7:00 AM,0,0,0
4/16/2016,7:15 AM,0,0,0
4/16/2016,7:30 AM,0,0,0
4/16/2016,7:45 AM,0.2,0,0.00787402
4/16/2016,8:00 AM,0,0,0
4/16/2016,8:15 AM,0.4,1.6,0.01574804
4/16/2016,8:30 AM,0.4,1.6,0.01574804
4/16/2016,8:45 AM,0.2,1.6,0.00787402
4/16/2016,9:00 AM,0,0,0
4/16/2016,9:15 AM,0,0,0
4/16/2016,9:30 AM,0.2,0,0.00787402
4/16/2016,9:45 AM,0,0,0
4/16/2016,10:00 AM,0,0,0
4/16/2016,10:15 AM,0,0,0
4/16/2016,10:30 AM,0,0,0
4/16/2016,10:45 AM,0,0,0
4/16/2016,11:00 AM,0,0,0
4/16/2016,11:15 AM,0,0,0
4/16/2016,11:30 AM,0,0,0
4/16/2016,11:45 AM,0,0,0
4/16/2016,12:00 PM,0,0,0
4/16/2016,12:15 PM,0,0,0
4/16/2016,12:30 PM,0,0,0
4/16/2016,12:45 PM,0,0,0
4/16/2016,1:00 PM,0,0,0
4/16/2016,1:15 PM,0,0,0
4/16/2016,1:30 PM,0,0,0
4/16/2016,1:45 PM,0,0,0
4/16/2016,2:00 PM,0,0,0
4/16/2016,2:15 PM,0,0,0
4/16/2016,2:30 PM,0,0,0
4/16/2016,2:45 PM,0,0,0
4/16/2016,3:00 PM,0,0,0
4/16/2016,3:15 PM,0,0,0
4/16/2016,3:30 PM,0,0,0
4/16/2016,3:45 PM,0,0,0
4/16/2016,4:00 PM,0,0,0
4/16/2016,4:15 PM,0,0,0
4/16/2016,4:30 PM,0,0,0
4/16/2016,4:45 PM,0,0,0
4/16/2016,5:00 PM,0,0,0
4/16/2016,5:15 PM,0,0,0
4/16/2016,5:30 PM,0,0,0
4/16/2016,5:45 PM,0.2,0,0.00787402
4/16/2016,6:00 PM,0,0,0
4/16/2016,6:15 PM,0.2,0,0.00787402
4/16/2016,6:30 PM,0.2,0.8,0.00787402
4/16/2016,6:45 PM,0,0,0
4/16/2016,7:00 PM,0,0,0
4/16/2016,7:15 PM,0,0,0
4/16/2016,7:30 PM,0,0,0
4/16/2016,7:45 PM,0,0,0
4/16/2016,8:00 PM,0,0,0
4/16/2016,8:15 PM,0,0,0
4/16/2016,8:30 PM,0,0,0
4/16/2016,8:45 PM,0,0,0
4/16/2016,9:00 PM,0,0,0
4/16/2016,9:15 PM,0,0,0
4/16/2016,9:30 PM,0,0,0
4/16/2016,9:45 PM,0,0,0
4/16/2016,10:00 PM,0,0,0
4/16/2016,10:15 PM,0,0,0
4/16/2016,10:30 PM,0,0,0
4/16/2016,10:45 PM,0,0,0
4/16/2016,11:00 PM,0,0,0
4/16/2016,11:15 PM,0,0,0
4/16/2016,11:30 PM,0,0,0
4/16/2016,11:45 PM,0,0,0
4/17/2016,12:00 AM,0,0,0
4/17/2016,12:15 AM,0,0,0
4/17/2016,12:30 AM,0,0,0
4/17/2016,12:45 AM,0,0,0
4/17/2016,1:00 AM,0,0,0
4/17/2016,1:15 AM,0,0,0
4/17/2016,1:30 AM,0,0,0
4/17/2016,1:45 AM,0,0,0
4/17/2016,2:00 AM,0,0,0
4/17/2016,2:15 AM,0,0,0
4/17/2016,2:30 AM,0,0,0
4/17/2016,2:45 AM,0,0,0
4/17/2016,3:00 AM,0,0,0
4/17/2016,3:15 AM,0,0,0
4/17/2016,3:30 AM,0,0,0
4/17/2016,3:45 AM,0,0,0
4/17/2016,4:00 AM,0,0,0
4/17/2016,4:15 AM,0,0,0
4/17/2016,4:30 AM,0,0,0
4/17/2016,4:45 AM,0,0,0
4/17/2016,5:00 AM,0,0,0
4/17/2016,5:15 AM,0,0,0
4/17/2016,5:30 AM,0,0,0
4/17/2016,5:45 AM,0,0,0
4/17/2016,6:00 AM,0,0,0
4/17/2016,6:15 AM,0,0,0
4/17/2016,6:30 AM,0,0,0
4/17/2016,6:45 AM,0,0,0
4/17/2016,7:00 AM,0,0,0
4/17/2016,7:15 AM,0,0,0
4/17/2016,7:30 AM,0,0,0
4/17/2016,7:45 AM,0,0,0
4/17/2016,8:00 AM,0,0,0
4/17/2016,8:15 AM,0,0,0
4/17/2016,8:30 AM,0,0,0
4/17/2016,8:45 AM,0,0,0
4/17/2016,9:00 AM,0,0,0
4/17/2016,9:15 AM,0,0,0
4/17/2016,9:30 AM,0,0,0
4/17/2016,9:45 AM,0,0,0
4/17/2016,10:00 AM,0,0,0
4/17/2016,10:15 AM,0,0,0
4/17/2016,10:30 AM,0,0,0
4/17/2016,10:45 AM,0,0,0
4/17/2016,11:00 AM,0.4,2.4,0.01574804
4/17/2016,11:15 AM,0,0,0
4/17/2016,11:30 AM,0,0,0
4/17/2016,11:45 AM,0,0,0
4/17/2016,12:00 PM,0,0,0
4/17/2016,12:15 PM,0,0,0
4/17/2016,12:30 PM,0,0,0
4/17/2016,12:45 PM,0,0,0
4/17/2016,1:00 PM,0,0,0
4/17/2016,1:15 PM,0,0,0
4/17/2016,1:30 PM,0,0,0
4/17/2016,1:45 PM,0,0,0
4/17/2016,2:00 PM,0.2,0,0.00787402
4/17/2016,2:15 PM,0,0,0
4/17/2016,2:30 PM,0,0,0
4/17/2016,2:45 PM,0,0,0
4/17/2016,3:00 PM,0,0,0
4/17/2016,3:15 PM,0,0,0
4/17/2016,3:30 PM,0,0,0
4/17/2016,3:45 PM,0,0,0
4/17/2016,4:00 PM,0,0,0
4/17/2016,4:15 PM,0,0,0
4/17/2016,4:30 PM,0,0,0
4/17/2016,4:45 PM,0,0,0
4/17/2016,5:00 PM,0,0,0
4/17/2016,5:15 PM,0,0,0
4/17/2016,5:30 PM,0,0,0
4/17/2016,5:45 PM,0,0,0
4/17/2016,6:00 PM,0,0,0
4/17/2016,6:15 PM,0,0,0
4/17/2016,6:30 PM,0,0,0
4/17/2016,6:45 PM,0,0,0
4/17/2016,7:00 PM,0,0,0
4/17/2016,7:15 PM,0,0,0
4/17/2016,7:30 PM,0.2,0,0.00787402
4/17/2016,7:45 PM,1,31.6,0.0393701
4/17/2016,8:00 PM,0.2,16,0.00787402
4/17/2016,8:15 PM,0.2,0.8,0.00787402
4/17/2016,8:30 PM,0,0,0
4/17/2016,8:45 PM,0,0,0
4/17/2016,9:00 PM,0,0,0
4/17/2016,9:15 PM,0,0,0
4/17/2016,9:30 PM,0,0,0
4/17/2016,9:45 PM,0,0,0
4/17/2016,10:00 PM,0,0,0
4/17/2016,10:15 PM,0,0,0
4/17/2016,10:30 PM,0,0,0
4/17/2016,10:45 PM,0,0,0
4/17/2016,11:00 PM,0,0,0
4/17/2016,11:15 PM,0,0,0
4/17/2016,11:30 PM,1.8,51.6,0.07086618
4/17/2016,11:45 PM,1.8,47.8,0.07086618
4/18/2016,12:00 AM,0,0,0
4/18/2016,12:15 AM,0,0,0
4/18/2016,12:30 AM,0.6,26.4,0.02362206
4/18/2016,12:45 AM,0.2,1,0.00787402
4/18/2016,1:00 AM,0.4,2.8,0.01574804
4/18/2016,1:15 AM,0,0,0
4/18/2016,1:30 AM,0,0,0
4/18/2016,1:45 AM,0,0,0
4/18/2016,2:00 AM,0.2,0,0.00787402
4/18/2016,2:15 AM,1,20.2,0.0393701
4/18/2016,2:30 AM,0,0,0
4/18/2016,2:45 AM,0,0,0
4/18/2016,3:00 AM,0,0,0
4/18/2016,3:15 AM,1.6,51.4,0.06299216
4/18/2016,3:30 AM,0,0,0
4/18/2016,3:45 AM,0,0,0
4/18/2016,4:00 AM,0,0,0
4/18/2016,4:15 AM,0,0,0
4/18/2016,4:30 AM,0,0,0
4/18/2016,4:45 AM,0,0,0
4/18/2016,5:00 AM,0,0,0
4/18/2016,5:15 AM,0,0,0
4/18/2016,5:30 AM,0,0,0
4/18/2016,5:45 AM,0,0,0
4/18/2016,6:00 AM,0,0,0
4/18/2016,6:15 AM,0,0,0
4/18/2016,6:30 AM,0,0,0
4/18/2016,6:45 AM,0,0,0
4/18/2016,7:00 AM,0,0,0
4/18/2016,7:15 AM,0,0,0
4/18/2016,7:30 AM,0,0,0
4/18/2016,7:45 AM,0,0,0
4/18/2016,8:00 AM,0,0,0
4/18/2016,8:15 AM,0,0,0
4/18/2016,8:30 AM,0,0,0
4/18/2016,8:45 AM,0,0,0
4/18/2016,9:00 AM,0,0,0
4/18/2016,9:15 AM,0,0,0
4/18/2016,9:30 AM,0,0,0
4/18/2016,9:45 AM,0,0,0
4/18/2016,10:00 AM,0,0,0
4/18/2016,10:15 AM,0,0,0
4/18/2016,10:30 AM,0,0,0
4/18/2016,10:45 AM,0,0,0
4/18/2016,11:00 AM,0,0,0
4/18/2016,11:15 AM,0,0,0
4/18/2016,11:30 AM,0,0,0
4/18/2016,11:45 AM,0,0,0
4/18/2016,12:00 PM,0,0,0
4/18/2016,12:15 PM,0,0,0
4/18/2016,12:30 PM,0,0,0
4/18/2016,12:45 PM,0,0,0
4/18/2016,1:00 PM,0,0,0
4/18/2016,1:15 PM,0,0,0
4/18/2016,1:30 PM,0,0,0
4/18/2016,1:45 PM,0,0,0
4/18/2016,2:00 PM,0,0,0
4/18/2016,2:15 PM,0,0,0
4/18/2016,2:30 PM,0,0,0
4/18/2016,2:45 PM,0,0,0
4/18/2016,3:00 PM,0,0,0
4/18/2016,3:15 PM,0,0,0
4/18/2016,3:30 PM,0,0,0
4/18/2016,3:45 PM,0,0,0
4/18/2016,4:00 PM,0,0,0
4/18/2016,4:15 PM,0,0,0
4/18/2016,4:30 PM,0,0,0
4/18/2016,4:45 PM,0,0,0
4/18/2016,5:00 PM,0,0,0
4/18/2016,5:15 PM,0,0,0
4/18/2016,5:30 PM,0,0,0
4/18/2016,5:45 PM,0,0,0
4/18/2016,6:00 PM,0,0,0
4/18/2016,6:15 PM,0,0,0
4/18/2016,6:30 PM,0,0,0
4/18/2016,6:45 PM,0,0,0
4/18/2016,7:00 PM,0,0,0
4/18/2016,7:15 PM,0,0,0
4/18/2016,7:30 PM,0,0,0
4/18/2016,7:45 PM,0,0,0
4/18/2016,8:00 PM,0.8,6.4,0.03149608
4/18/2016,8:15 PM,0.4,7.2,0.01574804
4/18/2016,8:30 PM,1.6,33.8,0.06299216
4/18/2016,8:45 PM,2,27.6,0.0787402
4/18/2016,9:00 PM,0,0,0
4/18/2016,9:15 PM,0.2,0,0.00787402
4/18/2016,9:30 PM,0.2,1.6,0.00787402
4/18/2016,9:45 PM,0.2,1.6,0.00787402
4/18/2016,10:00 PM,0.6,2.6,0.02362206
4/18/2016,10:15 PM,0.2,2.4,0.00787402
4/18/2016,10:30 PM,0.4,1.2,0.01574804
4/18/2016,10:45 PM,0.4,2.8,0.01574804
4/18/2016,11:00 PM,0,0,0
4/18/2016,11:15 PM,0,0,0
4/18/2016,11:30 PM,0,0,0
4/18/2016,11:45 PM,0,0,0
4/19/2016,12:00 AM,0.2,0,0.00787402
4/19/2016,12:15 AM,0,0,0
4/19/2016,12:30 AM,0,0,0
4/19/2016,12:45 AM,0,0,0
4/19/2016,1:00 AM,0,0,0
4/19/2016,1:15 AM,0,0,0
4/19/2016,1:30 AM,0,0,0
4/19/2016,1:45 AM,0,0,0
4/19/2016,2:00 AM,0,0,0
4/19/2016,2:15 AM,0,0,0
4/19/2016,2:30 AM,0,0,0
4/19/2016,2:45 AM,0,0,0
4/19/2016,3:00 AM,0,0,0
4/19/2016,3:15 AM,0,0,0
4/19/2016,3:30 AM,0,0,0
4/19/2016,3:45 AM,0,0,0
4/19/2016,4:00 AM,0,0,0
4/19/2016,4:15 AM,0,0,0
4/19/2016,4:30 AM,0,0,0
4/19/2016,4:45 AM,0,0,0
4/19/2016,5:00 AM,0,0,0
4/19/2016,5:15 AM,0,0,0
4/19/2016,5:30 AM,0,0,0
4/19/2016,5:45 AM,0,0,0
4/19/2016,6:00 AM,0,0,0
4/19/2016,6:15 AM,0,0,0
4/19/2016,6:30 AM,0,0,0
4/19/2016,6:45 AM,0,0,0
4/19/2016,7:00 AM,0,0,0
4/19/2016,7:15 AM,0,0,0
4/19/2016,7:30 AM,0,0,0
4/19/2016,7:45 AM,0,0,0
4/19/2016,8:00 AM,0,0,0
4/19/2016,8:15 AM,0,0,0
4/19/2016,8:30 AM,0.2,0,0.00787402
4/19/2016,8:45 AM,0.2,0,0.00787402
4/19/2016,9:00 AM,0,0,0
4/19/2016,9:15 AM,0,0,0
4/19/2016,9:30 AM,0.4,3.2,0.01574804
4/19/2016,9:45 AM,0.6,5.2,0.02362206
4/19/2016,10:00 AM,0.4,2,0.01574804
4/19/2016,10:15 AM,1,13.6,0.0393701
4/19/2016,10:30 AM,0.4,2.8,0.01574804
4/19/2016,10:45 AM,0.2,2.6,0.00787402
4/19/2016,11:00 AM,0,0,0
4/19/2016,11:15 AM,1.4,32.8,0.05511814
4/19/2016,11:30 AM,2.2,41,0.08661422
4/19/2016,11:45 AM,0.6,2.6,0.02362206
4/19/2016,12:00 PM,0.4,2.6,0.01574804
4/19/2016,12:15 PM,0.6,2.8,0.02362206
4/19/2016,12:30 PM,1,9,0.0393701
4/19/2016,12:45 PM,0,0,0
4/19/2016,1:00 PM,0,0,0
4/19/2016,1:15 PM,0,0,0
4/19/2016,1:30 PM,0,0,0
4/19/2016,1:45 PM,0,0,0
4/19/2016,2:00 PM,0,0,0
4/19/2016,2:15 PM,0,0,0
4/19/2016,2:30 PM,0,0,0
4/19/2016,2:45 PM,0,0,0
4/19/2016,3:00 PM,0,0,0
4/19/2016,3:15 PM,0,0,0
4/19/2016,3:30 PM,0,0,0
4/19/2016,3:45 PM,0,0,0
4/19/2016,4:00 PM,0,0,0
4/19/2016,4:15 PM,0,0,0
4/19/2016,4:30 PM,0,0,0
4/19/2016,4:45 PM,0,0,0
4/19/2016,5:00 PM,0,0,0
4/19/2016,5:15 PM,0,0,0
4/19/2016,5:30 PM,0,0,0
4/19/2016,5:45 PM,0,0,0
4/19/2016,6:00 PM,0,0,0
4/19/2016,6:15 PM,0,0,0
4/19/2016,6:30 PM,0,0,0
4/19/2016,6:45 PM,0,0,0
4/19/2016,7:00 PM,0,0,0
4/19/2016,7:15 PM,0,0,0
4/19/2016,7:30 PM,0,0,0
4/19/2016,7:45 PM,0,0,0
4/19/2016,8:00 PM,0,0,0
4/19/2016,8:15 PM,0,0,0
4/19/2016,8:30 PM,0,0,0
4/19/2016,8:45 PM,0,0,0
4/19/2016,9:00 PM,0,0,0
4/19/2016,9:15 PM,0,0,0
4/19/2016,9:30 PM,0,0,0
4/19/2016,9:45 PM,0,0,0
4/19/2016,10:00 PM,0,0,0
4/19/2016,10:15 PM,0,0,0
4/19/2016,10:30 PM,0,0,0
4/19/2016,10:45 PM,0,0,0
4/19/2016,11:00 PM,0,0,0
4/19/2016,11:15 PM,0,0,0
4/19/2016,11:30 PM,0,0,0
4/19/2016,11:45 PM,0,0,0
4/20/2016,12:00 AM,0,0,0
4/20/2016,12:15 AM,0,0,0
4/20/2016,12:30 AM,0,0,0
4/20/2016,12:45 AM,0,0,0
4/20/2016,1:00 AM,1,8.4,0.0393701
4/20/2016,1:15 AM,0.2,5.8,0.00787402
4/20/2016,1:30 AM,0,0,0
4/20/2016,1:45 AM,0,0,0
4/20/2016,2:00 AM,0,0,0
4/20/2016,2:15 AM,0,0,0
4/20/2016,2:30 AM,0,0,0
4/20/2016,2:45 AM,0.4,2.2,0.01574804
4/20/2016,3:00 AM,0.2,2.2,0.00787402
4/20/2016,3:15 AM,0,0,0
4/20/2016,3:30 AM,0,0,0
4/20/2016,3:45 AM,0,0,0
4/20/2016,4:00 AM,0,0,0
4/20/2016,4:15 AM,0,0,0
4/20/2016,4:30 AM,0,0,0
4/20/2016,4:45 AM,0,0,0
4/20/2016,5:00 AM,0,0,0
4/20/2016,5:15 AM,0,0,0
4/20/2016,5:30 AM,0,0,0
4/20/2016,5:45 AM,0,0,0
4/20/2016,6:00 AM,0,0,0
4/20/2016,6:15 AM,0,0,0
4/20/2016,6:30 AM,0,0,0
4/20/2016,6:45 AM,0,0,0
4/20/2016,7:00 AM,0,0,0
4/20/2016,7:15 AM,0,0,0
4/20/2016,7:30 AM,0,0,0
4/20/2016,7:45 AM,0,0,0
4/20/2016,8:00 AM,0,0,0
4/20/2016,8:15 AM,0,0,0
4/20/2016,8:30 AM,0,0,0
4/20/2016,8:45 AM,0.2,0,0.00787402
4/20/2016,9:00 AM,0,0,0
4/20/2016,9:15 AM,0,0,0
4/20/2016,9:30 AM,0.6,44.8,0.02362206
4/20/2016,9:45 AM,0,0,0
4/20/2016,10:00 AM,0,0,0
4/20/2016,10:15 AM,0,0,0
4/20/2016,10:30 AM,0,0,0
4/20/2016,10:45 AM,0,0,0
4/20/2016,11:00 AM,0,0,0
4/20/2016,11:15 AM,0,0,0
4/20/2016,11:30 AM,0,0,0
4/20/2016,11:45 AM,0,0,0
4/20/2016,12:00 PM,0,0,0
4/20/2016,12:15 PM,0,0,0
4/20/2016,12:30 PM,0,0,0
4/20/2016,12:45 PM,0,0,0
4/20/2016,1:00 PM,0,0,0
4/20/2016,1:15 PM,0,0,0
4/20/2016,1:30 PM,0,0,0
4/20/2016,1:45 PM,0,0,0
4/20/2016,2:00 PM,0,0,0
4/20/2016,2:15 PM,0.2,0,0.00787402
4/20/2016,2:30 PM,0,0,0
4/20/2016,2:45 PM,0,0,0
4/20/2016,3:00 PM,0,0,0
4/20/2016,3:15 PM,0,0,0
4/20/2016,3:30 PM,0,0,0
4/20/2016,3:45 PM,0,0,0
4/20/2016,4:00 PM,0,0,0
4/20/2016,4:15 PM,0,0,0
4/20/2016,4:30 PM,0,0,0
4/20/2016,4:45 PM,0,0,0
4/20/2016,5:00 PM,0,0,0
4/20/2016,5:15 PM,0,0,0
4/20/2016,5:30 PM,0,0,0
4/20/2016,5:45 PM,0,0,0
4/20/2016,6:00 PM,0,0,0
4/20/2016,6:15 PM,0,0,0
4/20/2016,6:30 PM,0,0,0
4/20/2016,6:45 PM,0,0,0
4/20/2016,7:00 PM,0,0,0
4/20/2016,7:15 PM,0,0,0
4/20/2016,7:30 PM,0,0,0
4/20/2016,7:45 PM,0,0,0
4/20/2016,8:00 PM,0,0,0
4/20/2016,8:15 PM,0,0,0
4/20/2016,8:30 PM,0,0,0
4/20/2016,8:45 PM,0,0,0
4/20/2016,9:00 PM,0,0,0
4/20/2016,9:15 PM,0,0,0
4/20/2016,9:30 PM,0,0,0
4/20/2016,9:45 PM,0,0,0
4/20/2016,10:00 PM,0,0,0
4/20/2016,10:15 PM,0,0,0
4/20/2016,10:30 PM,0,0,0
4/20/2016,10:45 PM,0,0,0
4/20/2016,11:00 PM,0,0,0
4/20/2016,11:15 PM,0,0,0
4/20/2016,11:30 PM,0,0,0
4/20/2016,11:45 PM,0,0,0
4/21/2016,12:00 AM,0,0,0
4/21/2016,12:15 AM,0,0,0
4/21/2016,12:30 AM,0,0,0
4/21/2016,12:45 AM,0,0,0
4/21/2016,1:00 AM,0,0,0
4/21/2016,1:15 AM,0,0,0
4/21/2016,1:30 AM,0,0,0
4/21/2016,1:45 AM,0,0,0
4/21/2016,2:00 AM,0,0,0
4/21/2016,2:15 AM,0,0,0
4/21/2016,2:30 AM,0,0,0
4/21/2016,2:45 AM,0,0,0
4/21/2016,3:00 AM,0,0,0
4/21/2016,3:15 AM,0,0,0
4/21/2016,3:30 AM,0,0,0
4/21/2016,3:45 AM,0,0,0
4/21/2016,4:00 AM,0,0,0
4/21/2016,4:15 AM,0,0,0
4/21/2016,4:30 AM,0,0,0
4/21/2016,4:45 AM,0,0,0
4/21/2016,5:00 AM,0,0,0
4/21/2016,5:15 AM,0,0,0
4/21/2016,5:30 AM,0,0,0
4/21/2016,5:45 AM,0,0,0
4/21/2016,6:00 AM,0,0,0
4/21/2016,6:15 AM,0,0,0
4/21/2016,6:30 AM,0,0,0
4/21/2016,6:45 AM,0,0,0
4/21/2016,7:00 AM,0,0,0
4/21/2016,7:15 AM,0,0,0
4/21/2016,7:30 AM,0,0,0
4/21/2016,7:45 AM,0,0,0
4/21/2016,8:00 AM,0,0,0
4/21/2016,8:15 AM,0,0,0
4/21/2016,8:30 AM,0,0,0
4/21/2016,8:45 AM,0,0,0
4/21/2016,9:00 AM,0,0,0
4/21/2016,9:15 AM,0,0,0
4/21/2016,9:30 AM,0,0,0
4/21/2016,9:45 AM,0,0,0
4/21/2016,10:00 AM,0,0,0
4/21/2016,10:15 AM,0,0,0
4/21/2016,10:30 AM,0,0,0
4/21/2016,10:45 AM,0,0,0
4/21/2016,11:00 AM,0,0,0
4/21/2016,11:15 AM,0,0,0
4/21/2016,11:30 AM,0,0,0
4/21/2016,11:45 AM,0,0,0
4/21/2016,12:00 PM,0,0,0
4/21/2016,12:15 PM,0,0,0
4/21/2016,12:30 PM,0,0,0
4/21/2016,12:45 PM,0,0,0
4/21/2016,1:00 PM,0,0,0
4/21/2016,1:15 PM,0,0,0
4/21/2016,1:30 PM,0,0,0
4/21/2016,1:45 PM,0,0,0
4/21/2016,2:00 PM,0,0,0
4/21/2016,2:15 PM,0,0,0
4/21/2016,2:30 PM,0,0,0
4/21/2016,2:45 PM,0,0,0
4/21/2016,3:00 PM,0,0,0
4/21/2016,3:15 PM,0,0,0
4/21/2016,3:30 PM,0,0,0
4/21/2016,3:45 PM,0,0,0
4/21/2016,4:00 PM,0,0,0
4/21/2016,4:15 PM,0,0,0
4/21/2016,4:30 PM,0,0,0
4/21/2016,4:45 PM,0,0,0
4/21/2016,5:00 PM,0,0,0
4/21/2016,5:15 PM,0,0,0
4/21/2016,5:30 PM,0,0,0
4/21/2016,5:45 PM,0,0,0
4/21/2016,6:00 PM,0,0,0
4/21/2016,6:15 PM,0,0,0
4/21/2016,6:30 PM,0,0,0
4/21/2016,6:45 PM,0,0,0
4/21/2016,7:00 PM,0,0,0
4/21/2016,7:15 PM,0,0,0
4/21/2016,7:30 PM,0,0,0
4/21/2016,7:45 PM,0,0,0
4/21/2016,8:00 PM,0,0,0
4/21/2016,8:15 PM,0,0,0
4/21/2016,8:30 PM,0,0,0
4/21/2016,8:45 PM,0,0,0
4/21/2016,9:00 PM,0,0,0
4/21/2016,9:15 PM,0,0,0
4/21/2016,9:30 PM,0,0,0
4/21/2016,9:45 PM,0,0,0
4/21/2016,10:00 PM,0,0,0
4/21/2016,10:15 PM,0,0,0
4/21/2016,10:30 PM,0,0,0
4/21/2016,10:45 PM,0,0,0
4/21/2016,11:00 PM,0,0,0
4/21/2016,11:15 PM,0,0,0
4/21/2016,11:30 PM,0,0,0
4/21/2016,11:45 PM,0,0,0
4/22/2016,12:00 AM,0,0,0
4/22/2016,12:15 AM,0,0,0
4/22/2016,12:30 AM,0,0,0
4/22/2016,12:45 AM,0,0,0
4/22/2016,1:00 AM,0,0,0
4/22/2016,1:15 AM,0,0,0
4/22/2016,1:30 AM,0,0,0
4/22/2016,1:45 AM,0,0,0
4/22/2016,2:00 AM,0,0,0
4/22/2016,2:15 AM,0,0,0
4/22/2016,2:30 AM,0,0,0
4/22/2016,2:45 AM,0,0,0
4/22/2016,3:00 AM,0,0,0
4/22/2016,3:15 AM,0,0,0
4/22/2016,3:30 AM,3.4,75.2,0.13385834
4/22/2016,3:45 AM,0.2,2.4,0.00787402
4/22/2016,4:00 AM,0.4,4.8,0.01574804
4/22/2016,4:15 AM,0.2,1,0.00787402
4/22/2016,4:30 AM,0,0,0
4/22/2016,4:45 AM,0.2,0,0.00787402
4/22/2016,5:00 AM,0,0,0
4/22/2016,5:15 AM,0,0,0
4/22/2016,5:30 AM,0,0,0
4/22/2016,5:45 AM,0.4,4.4,0.01574804
4/22/2016,6:00 AM,0,0,0
4/22/2016,6:15 AM,0,0,0
4/22/2016,6:30 AM,0.2,0,0.00787402
4/22/2016,6:45 AM,0,0,0
4/22/2016,7:00 AM,0,0,0
4/22/2016,7:15 AM,0,0,0
4/22/2016,7:30 AM,0,0,0
4/22/2016,7:45 AM,0,0,0
4/22/2016,8:00 AM,0,0,0
4/22/2016,8:15 AM,0,0,0
4/22/2016,8:30 AM,0,0,0
4/22/2016,8:45 AM,0,0,0
4/22/2016,9:00 AM,0,0,0
4/22/2016,9:15 AM,0,0,0
4/22/2016,9:30 AM,6.2,88,0.24409462
4/22/2016,9:45 AM,13.4,106.6,0.52755934
4/22/2016,10:00 AM,9.4,70.6,0.37007894
4/22/2016,10:15 AM,2.8,24.8,0.11023628
4/22/2016,10:30 AM,1.2,5.4,0.04724412
4/22/2016,10:45 AM,0.8,4.8,0.03149608
4/22/2016,11:00 AM,0.2,3.2,0.00787402
4/22/2016,11:15 AM,0,0,0
4/22/2016,11:30 AM,0,0,0
4/22/2016,11:45 AM,0.2,0,0.00787402
4/22/2016,12:00 PM,0,0,0
4/22/2016,12:15 PM,0,0,0
4/22/2016,12:30 PM,0,0,0
4/22/2016,12:45 PM,0,0,0
4/22/2016,1:00 PM,0,0,0
4/22/2016,1:15 PM,0,0,0
4/22/2016,1:30 PM,0,0,0
4/22/2016,1:45 PM,0.2,0,0.00787402
4/22/2016,2:00 PM,0,0,0
4/22/2016,2:15 PM,0.2,0,0.00787402
4/22/2016,2:30 PM,0.2,0.8,0.00787402
4/22/2016,2:45 PM,0.6,4.4,0.02362206
4/22/2016,3:00 PM,0.4,4,0.01574804
4/22/2016,3:15 PM,0.2,1.2,0.00787402
4/22/2016,3:30 PM,0.6,4.2,0.02362206
4/22/2016,3:45 PM,0.2,2.8,0.00787402
4/22/2016,4:00 PM,0,0,0
4/22/2016,4:15 PM,0.2,0,0.00787402
4/22/2016,4:30 PM,0,0,0
4/22/2016,4:45 PM,0.8,4.6,0.03149608
4/22/2016,5:00 PM,0.2,4.6,0.00787402
4/22/2016,5:15 PM,0.2,1.2,0.00787402
4/22/2016,5:30 PM,0.2,1,0.00787402
4/22/2016,5:45 PM,0,0,0
4/22/2016,6:00 PM,0,0,0
4/22/2016,6:15 PM,0,0,0
4/22/2016,6:30 PM,0,0,0
4/22/2016,6:45 PM,0,0,0
4/22/2016,7:00 PM,0,0,0
4/22/2016,7:15 PM,0,0,0
4/22/2016,7:30 PM,0,0,0
4/22/2016,7:45 PM,0,0,0
4/22/2016,8:00 PM,0,0,0
4/22/2016,8:15 PM,0,0,0
4/22/2016,8:30 PM,0,0,0
4/22/2016,8:45 PM,0,0,0
4/22/2016,9:00 PM,0,0,0
4/22/2016,9:15 PM,0.4,2,0.01574804
4/22/2016,9:30 PM,0.2,2,0.00787402
4/22/2016,9:45 PM,0.4,3.6,0.01574804
4/22/2016,10:00 PM,0.4,3.6,0.01574804
4/22/2016,10:15 PM,1.6,14,0.06299216
4/22/2016,10:30 PM,0.8,5,0.03149608
4/22/2016,10:45 PM,1.2,5.4,0.04724412
4/22/2016,11:00 PM,1.4,7.4,0.05511814
4/22/2016,11:15 PM,1.2,7.4,0.04724412
4/22/2016,11:30 PM,1,7,0.0393701
4/22/2016,11:45 PM,0.8,4.8,0.03149608
4/23/2016,12:00 AM,0.6,3.8,0.02362206
4/23/2016,12:15 AM,1,6,0.0393701
4/23/2016,12:30 AM,1.2,6.2,0.04724412
4/23/2016,12:45 AM,1,5,0.0393701
4/23/2016,1:00 AM,0.8,6.6,0.03149608
4/23/2016,1:15 AM,1,4,0.0393701
4/23/2016,1:30 AM,0.8,4,0.03149608
4/23/2016,1:45 AM,0.4,2.8,0.01574804
4/23/2016,2:00 AM,0.8,3,0.03149608
4/23/2016,2:15 AM,0.6,3.8,0.02362206
4/23/2016,2:30 AM,0.6,2.4,0.02362206
4/23/2016,2:45 AM,0.6,4,0.02362206
4/23/2016,3:00 AM,0.2,1.8,0.00787402
4/23/2016,3:15 AM,0.4,1.8,0.01574804
4/23/2016,3:30 AM,0.6,3.4,0.02362206
4/23/2016,3:45 AM,0.8,3.8,0.03149608
4/23/2016,4:00 AM,0.8,4.4,0.03149608
4/23/2016,4:15 AM,1.4,8,0.05511814
4/23/2016,4:30 AM,1.4,9,0.05511814
4/23/2016,4:45 AM,0.4,3.6,0.01574804
4/23/2016,5:00 AM,0,0,0
4/23/2016,5:15 AM,0.2,0,0.00787402
4/23/2016,5:30 AM,0.4,2,0.01574804
4/23/2016,5:45 AM,0.6,14.2,0.02362206
4/23/2016,6:00 AM,0.6,4.8,0.02362206
4/23/2016,6:15 AM,0,0,0
4/23/2016,6:30 AM,0.8,49.4,0.03149608
4/23/2016,6:45 AM,5.6,120,0.22047256
4/23/2016,7:00 AM,1.8,23.2,0.07086618
4/23/2016,7:15 AM,0.6,8,0.02362206
4/23/2016,7:30 AM,0,0,0
4/23/2016,7:45 AM,0.2,0,0.00787402
4/23/2016,8:00 AM,0,0,0
4/23/2016,8:15 AM,0,0,0
4/23/2016,8:30 AM,0,0,0
4/23/2016,8:45 AM,0,0,0
4/23/2016,9:00 AM,0,0,0
4/23/2016,9:15 AM,0,0,0
4/23/2016,9:30 AM,0,0,0
4/23/2016,9:45 AM,0,0,0
4/23/2016,10:00 AM,0,0,0
4/23/2016,10:15 AM,0,0,0
4/23/2016,10:30 AM,0,0,0
4/23/2016,10:45 AM,0,0,0
4/23/2016,11:00 AM,0,0,0
4/23/2016,11:15 AM,0,0,0
4/23/2016,11:30 AM,0,0,0
4/23/2016,11:45 AM,0,0,0
4/23/2016,12:00 PM,0,0,0
4/23/2016,12:15 PM,0,0,0
4/23/2016,12:30 PM,0,0,0
4/23/2016,12:45 PM,0,0,0
4/23/2016,1:00 PM,0,0,0
4/23/2016,1:15 PM,0,0,0
4/23/2016,1:30 PM,0,0,0
4/23/2016,1:45 PM,0,0,0
4/23/2016,2:00 PM,0,0,0
4/23/2016,2:15 PM,0,0,0
4/23/2016,2:30 PM,0,0,0
4/23/2016,2:45 PM,0,0,0
4/23/2016,3:00 PM,0,0,0
4/23/2016,3:15 PM,0,0,0
4/23/2016,3:30 PM,0,0,0
4/23/2016,3:45 PM,0,0,0
4/23/2016,4:00 PM,0,0,0
4/23/2016,4:15 PM,0,0,0
4/23/2016,4:30 PM,0,0,0
4/23/2016,4:45 PM,0,0,0
4/23/2016,5:00 PM,0,0,0
4/23/2016,5:15 PM,0,0,0
4/23/2016,5:30 PM,0,0,0
4/23/2016,5:45 PM,0,0,0
4/23/2016,6:00 PM,0,0,0
4/23/2016,6:15 PM,0,0,0
4/23/2016,6:30 PM,0,0,0
4/23/2016,6:45 PM,0,0,0
4/23/2016,7:00 PM,0,0,0
4/23/2016,7:15 PM,0,0,0
4/23/2016,7:30 PM,0,0,0
4/23/2016,7:45 PM,0,0,0
4/23/2016,8:00 PM,0,0,0
4/23/2016,8:15 PM,0,0,0
4/23/2016,8:30 PM,0,0,0
4/23/2016,8:45 PM,0,0,0
4/23/2016,9:00 PM,0,0,0
4/23/2016,9:15 PM,0,0,0
4/23/2016,9:30 PM,0,0,0
4/23/2016,9:45 PM,0,0,0
4/23/2016,10:00 PM,0,0,0
4/23/2016,10:15 PM,0,0,0
4/23/2016,10:30 PM,0,0,0
4/23/2016,10:45 PM,0,0,0
4/23/2016,11:00 PM,0,0,0
4/23/2016,11:15 PM,0,0,0
4/23/2016,11:30 PM,0,0,0
4/23/2016,11:45 PM,0,0,0
4/24/2016,12:00 AM,0,0,0
4/24/2016,12:15 AM,0,0,0
4/24/2016,12:30 AM,0,0,0
4/24/2016,12:45 AM,0,0,0
4/24/2016,1:00 AM,0,0,0
4/24/2016,1:15 AM,0,0,0
4/24/2016,1:30 AM,0,0,0
4/24/2016,1:45 AM,0,0,0
4/24/2016,2:00 AM,0,0,0
4/24/2016,2:15 AM,0,0,0
4/24/2016,2:30 AM,0,0,0
4/24/2016,2:45 AM,0,0,0
4/24/2016,3:00 AM,0,0,0
4/24/2016,3:15 AM,0,0,0
4/24/2016,3:30 AM,0,0,0
4/24/2016,3:45 AM,0,0,0
4/24/2016,4:00 AM,0,0,0
4/24/2016,4:15 AM,0,0,0
4/24/2016,4:30 AM,0,0,0
4/24/2016,4:45 AM,0,0,0
4/24/2016,5:00 AM,0,0,0
4/24/2016,5:15 AM,0,0,0
4/24/2016,5:30 AM,0,0,0
4/24/2016,5:45 AM,0,0,0
4/24/2016,6:00 AM,0,0,0
4/24/2016,6:15 AM,0,0,0
4/24/2016,6:30 AM,0,0,0
4/24/2016,6:45 AM,0,0,0
4/24/2016,7:00 AM,0.6,34.2,0.02362206
4/24/2016,7:15 AM,0,0,0
4/24/2016,7:30 AM,0,0,0
4/24/2016,7:45 AM,0,0,0
4/24/2016,8:00 AM,0,0,0
4/24/2016,8:15 AM,0.8,17.6,0.03149608
4/24/2016,8:30 AM,0,0,0
4/24/2016,8:45 AM,0,0,0
4/24/2016,9:00 AM,0,0,0
4/24/2016,9:15 AM,0,0,0
4/24/2016,9:30 AM,0,0,0
4/24/2016,9:45 AM,0,0,0
4/24/2016,10:00 AM,0,0,0
4/24/2016,10:15 AM,0,0,0
4/24/2016,10:30 AM,0,0,0
4/24/2016,10:45 AM,0,0,0
4/24/2016,11:00 AM,0,0,0
4/24/2016,11:15 AM,0,0,0
4/24/2016,11:30 AM,0,0,0
4/24/2016,11:45 AM,0,0,0
4/24/2016,12:00 PM,0,0,0
4/24/2016,12:15 PM,0,0,0
4/24/2016,12:30 PM,0,0,0
4/24/2016,12:45 PM,0,0,0
4/24/2016,1:00 PM,0,0,0
4/24/2016,1:15 PM,0,0,0
4/24/2016,1:30 PM,0,0,0
4/24/2016,1:45 PM,0,0,0
4/24/2016,2:00 PM,0,0,0
4/24/2016,2:15 PM,0,0,0
4/24/2016,2:30 PM,0,0,0
4/24/2016,2:45 PM,0,0,0
4/24/2016,3:00 PM,0,0,0
4/24/2016,3:15 PM,0,0,0
4/24/2016,3:30 PM,0,0,0
4/24/2016,3:45 PM,0,0,0
4/24/2016,4:00 PM,0,0,0
4/24/2016,4:15 PM,0,0,0
4/24/2016,4:30 PM,0,0,0
4/24/2016,4:45 PM,0,0,0
4/24/2016,5:00 PM,0,0,0
4/24/2016,5:15 PM,0,0,0
4/24/2016,5:30 PM,0,0,0
4/24/2016,5:45 PM,0,0,0
4/24/2016,6:00 PM,0,0,0
4/24/2016,6:15 PM,0,0,0
4/24/2016,6:30 PM,0,0,0
4/24/2016,6:45 PM,0,0,0
4/24/2016,7:00 PM,0,0,0
4/24/2016,7:15 PM,0,0,0
4/24/2016,7:30 PM,0,0,0
4/24/2016,7:45 PM,0,0,0
4/24/2016,8:00 PM,0,0,0
4/24/2016,8:15 PM,0,0,0
4/24/2016,8:30 PM,0,0,0
4/24/2016,8:45 PM,0,0,0
4/24/2016,9:00 PM,0,0,0
4/24/2016,9:15 PM,0,0,0
4/24/2016,9:30 PM,0,0,0
4/24/2016,9:45 PM,0,0,0
4/24/2016,10:00 PM,0,0,0
4/24/2016,10:15 PM,0,0,0
4/24/2016,10:30 PM,0,0,0
4/24/2016,10:45 PM,0,0,0
4/24/2016,11:00 PM,0,0,0
4/24/2016,11:15 PM,0,0,0
4/24/2016,11:30 PM,0,0,0
4/24/2016,11:45 PM,0,0,0
4/25/2016,12:00 AM,0.2,0,0.00787402
4/25/2016,12:15 AM,0,0,0
4/25/2016,12:30 AM,0,0,0
4/25/2016,12:45 AM,0,0,0
4/25/2016,1:00 AM,0,0,0
4/25/2016,1:15 AM,0,0,0
4/25/2016,1:30 AM,0,0,0
4/25/2016,1:45 AM,0,0,0
4/25/2016,2:00 AM,0,0,0
4/25/2016,2:15 AM,0,0,0
4/25/2016,2:30 AM,0,0,0
4/25/2016,2:45 AM,0,0,0
4/25/2016,3:00 AM,0,0,0
4/25/2016,3:15 AM,0,0,0
4/25/2016,3:30 AM,0,0,0
4/25/2016,3:45 AM,0,0,0
4/25/2016,4:00 AM,0,0,0
4/25/2016,4:15 AM,0,0,0
4/25/2016,4:30 AM,0,0,0
4/25/2016,4:45 AM,2.6,73.8,0.10236226
4/25/2016,5:00 AM,0,0,0
4/25/2016,5:15 AM,0,0,0
4/25/2016,5:30 AM,0,0,0
4/25/2016,5:45 AM,0,0,0
4/25/2016,6:00 AM,0,0,0
4/25/2016,6:15 AM,0,0,0
4/25/2016,6:30 AM,0,0,0
4/25/2016,6:45 AM,0,0,0
4/25/2016,7:00 AM,0,0,0
4/25/2016,7:15 AM,0,0,0
4/25/2016,7:30 AM,0,0,0
4/25/2016,7:45 AM,0,0,0
4/25/2016,8:00 AM,0,0,0
4/25/2016,8:15 AM,0,0,0
4/25/2016,8:30 AM,0,0,0
4/25/2016,8:45 AM,0,0,0
4/25/2016,9:00 AM,0.2,0,0.00787402
4/25/2016,9:15 AM,0,0,0
4/25/2016,9:30 AM,0,0,0
4/25/2016,9:45 AM,0,0,0
4/25/2016,10:00 AM,0,0,0
4/25/2016,10:15 AM,0,0,0
4/25/2016,10:30 AM,0,0,0
4/25/2016,10:45 AM,0,0,0
4/25/2016,11:00 AM,0.2,0,0.00787402
4/25/2016,11:15 AM,0,0,0
4/25/2016,11:30 AM,0,0,0
4/25/2016,11:45 AM,0,0,0
4/25/2016,12:00 PM,0,0,0
4/25/2016,12:15 PM,0,0,0
4/25/2016,12:30 PM,0,0,0
4/25/2016,12:45 PM,0,0,0
4/25/2016,1:00 PM,0,0,0
4/25/2016,1:15 PM,0,0,0
4/25/2016,1:30 PM,0,0,0
4/25/2016,1:45 PM,0,0,0
4/25/2016,2:00 PM,0,0,0
4/25/2016,2:15 PM,0,0,0
4/25/2016,2:30 PM,0,0,0
4/25/2016,2:45 PM,0,0,0
4/25/2016,3:00 PM,0,0,0
4/25/2016,3:15 PM,0,0,0
4/25/2016,3:30 PM,0,0,0
4/25/2016,3:45 PM,0,0,0
4/25/2016,4:00 PM,0,0,0
4/25/2016,4:15 PM,0,0,0
4/25/2016,4:30 PM,0,0,0
4/25/2016,4:45 PM,0,0,0
4/25/2016,5:00 PM,0,0,0
4/25/2016,5:15 PM,0,0,0
4/25/2016,5:30 PM,0,0,0
4/25/2016,5:45 PM,0,0,0
4/25/2016,6:00 PM,0,0,0
4/25/2016,6:15 PM,0,0,0
4/25/2016,6:30 PM,0,0,0
4/25/2016,6:45 PM,0,0,0
4/25/2016,7:00 PM,0,0,0
4/25/2016,7:15 PM,0,0,0
4/25/2016,7:30 PM,0,0,0
4/25/2016,7:45 PM,0,0,0
4/25/2016,8:00 PM,0,0,0
4/25/2016,8:15 PM,0,0,0
4/25/2016,8:30 PM,0,0,0
4/25/2016,8:45 PM,0,0,0
4/25/2016,9:00 PM,0,0,0
4/25/2016,9:15 PM,0,0,0
4/25/2016,9:30 PM,0,0,0
4/25/2016,9:45 PM,0,0,0
4/25/2016,10:00 PM,0.2,0,0.00787402
4/25/2016,10:15 PM,0,0,0
4/25/2016,10:30 PM,0,0,0
4/25/2016,10:45 PM,0,0,0
4/25/2016,11:00 PM,0.2,0,0.00787402
4/25/2016,11:15 PM,0,0,0
4/25/2016,11:30 PM,0,0,0
4/25/2016,11:45 PM,0,0,0
4/26/2016,12:00 AM,0,0,0
4/26/2016,12:15 AM,0,0,0
4/26/2016,12:30 AM,0,0,0
4/26/2016,12:45 AM,0,0,0
4/26/2016,1:00 AM,0,0,0
4/26/2016,1:15 AM,0,0,0
4/26/2016,1:30 AM,0,0,0
4/26/2016,1:45 AM,0,0,0
4/26/2016,2:00 AM,0,0,0
4/26/2016,2:15 AM,0.8,7.8,0.03149608
4/26/2016,2:30 AM,0.2,3.4,0.00787402
4/26/2016,2:45 AM,0,0,0
4/26/2016,3:00 AM,0,0,0
4/26/2016,3:15 AM,0,0,0
4/26/2016,3:30 AM,0.2,0,0.00787402
4/26/2016,3:45 AM,1.2,19.6,0.04724412
4/26/2016,4:00 AM,0,0,0
4/26/2016,4:15 AM,0,0,0
4/26/2016,4:30 AM,0,0,0
4/26/2016,4:45 AM,0,0,0
4/26/2016,5:00 AM,2.4,19.8,0.09448824
4/26/2016,5:15 AM,1.2,10.2,0.04724412
4/26/2016,5:30 AM,1.2,9.2,0.04724412
4/26/2016,5:45 AM,0.2,3.8,0.00787402
4/26/2016,6:00 AM,0.2,1.2,0.00787402
4/26/2016,6:15 AM,0,0,0
4/26/2016,6:30 AM,0,0,0
4/26/2016,6:45 AM,0,0,0
4/26/2016,7:00 AM,1.8,25,0.07086618
4/26/2016,7:15 AM,1,29.2,0.0393701
4/26/2016,7:30 AM,0,0.8,0
4/26/2016,7:45 AM,0,0,0
4/26/2016,8:00 AM,0,0,0
4/26/2016,8:15 AM,0,0,0
4/26/2016,8:30 AM,1.2,16.4,0.04724412
4/26/2016,8:45 AM,1.2,15.4,0.04724412
4/26/2016,9:00 AM,2.2,30.6,0.08661422
4/26/2016,9:15 AM,1.4,17.8,0.05511814
4/26/2016,9:30 AM,0.6,6,0.02362206
4/26/2016,9:45 AM,0.2,1.4,0.00787402
4/26/2016,10:00 AM,0,0,0
4/26/2016,10:15 AM,0,0,0
4/26/2016,10:30 AM,0.2,0,0.00787402
4/26/2016,10:45 AM,0.4,2.2,0.01574804
4/26/2016,11:00 AM,0.2,1.2,0.00787402
4/26/2016,11:15 AM,0,0,0
4/26/2016,11:30 AM,0,0,0
4/26/2016,11:45 AM,0,0,0
4/26/2016,12:00 PM,0,0,0
4/26/2016,12:15 PM,0.2,0,0.00787402
4/26/2016,12:30 PM,0,0,0
4/26/2016,12:45 PM,0.2,0,0.00787402
4/26/2016,1:00 PM,0.6,3.2,0.02362206
4/26/2016,1:15 PM,1.4,15.4,0.05511814
4/26/2016,1:30 PM,0.4,12,0.01574804
4/26/2016,1:45 PM,0,0,0
4/26/2016,2:00 PM,0,0,0
4/26/2016,2:15 PM,0,0,0
4/26/2016,2:30 PM,0.2,0,0.00787402
4/26/2016,2:45 PM,0.6,3.4,0.02362206
4/26/2016,3:00 PM,0.4,3.2,0.01574804
4/26/2016,3:15 PM,0,0,0
4/26/2016,3:30 PM,0,0,0
4/26/2016,3:45 PM,0,0,0
4/26/2016,4:00 PM,0,0,0
4/26/2016,4:15 PM,0,0,0
4/26/2016,4:30 PM,0,0,0
4/26/2016,4:45 PM,0,0,0
4/26/2016,5:00 PM,0,0,0
4/26/2016,5:15 PM,0,0,0
4/26/2016,5:30 PM,0,0,0
4/26/2016,5:45 PM,0,0,0
4/26/2016,6:00 PM,0,0,0
4/26/2016,6:15 PM,0,0,0
4/26/2016,6:30 PM,0,0,0
4/26/2016,6:45 PM,0,0,0
4/26/2016,7:00 PM,0,0,0
4/26/2016,7:15 PM,0,0,0
4/26/2016,7:30 PM,0,0,0
4/26/2016,7:45 PM,0,0,0
4/26/2016,8:00 PM,0,0,0
4/26/2016,8:15 PM,0,0,0
4/26/2016,8:30 PM,0,0,0
4/26/2016,8:45 PM,0,0,0
4/26/2016,9:00 PM,0,0,0
4/26/2016,9:15 PM,0,0,0
4/26/2016,9:30 PM,0.2,0,0.00787402
4/26/2016,9:45 PM,0.4,1.4,0.01574804
4/26/2016,10:00 PM,0.2,1.6,0.00787402
4/26/2016,10:15 PM,0,0,0
4/26/2016,10:30 PM,0,0,0
4/26/2016,10:45 PM,0.2,0,0.00787402
4/26/2016,11:00 PM,0,0,0
4/26/2016,11:15 PM,0,0,0
4/26/2016,11:30 PM,0,0,0
4/26/2016,11:45 PM,0.2,0,0.00787402
4/27/2016,12:00 AM,0.6,2.4,0.02362206
4/27/2016,12:15 AM,0,0,0
4/27/2016,12:30 AM,0.2,0,0.00787402
4/27/2016,12:45 AM,0,0,0
4/27/2016,1:00 AM,0,0,0
4/27/2016,1:15 AM,0,0,0
4/27/2016,1:30 AM,0,0,0
4/27/2016,1:45 AM,0,0,0
4/27/2016,2:00 AM,0,0,0
4/27/2016,2:15 AM,0,0,0
4/27/2016,2:30 AM,0,0,0
4/27/2016,2:45 AM,0,0,0
4/27/2016,3:00 AM,0,0,0
4/27/2016,3:15 AM,0,0,0
4/27/2016,3:30 AM,0,0,0
4/27/2016,3:45 AM,0,0,0
4/27/2016,4:00 AM,0,0,0
4/27/2016,4:15 AM,0,0,0
4/27/2016,4:30 AM,0,0,0
4/27/2016,4:45 AM,0,0,0
4/27/2016,5:00 AM,0,0,0
4/27/2016,5:15 AM,0,0,0
4/27/2016,5:30 AM,0,0,0
4/27/2016,5:45 AM,0,0,0
4/27/2016,6:00 AM,0,0,0
4/27/2016,6:15 AM,0,0,0
4/27/2016,6:30 AM,0,0,0
4/27/2016,6:45 AM,0,0,0
4/27/2016,7:00 AM,0,0,0
4/27/2016,7:15 AM,0,0,0
4/27/2016,7:30 AM,0,0,0
4/27/2016,7:45 AM,0,0,0
4/27/2016,8:00 AM,0,0,0
4/27/2016,8:15 AM,0,0,0
4/27/2016,8:30 AM,0,0,0
4/27/2016,8:45 AM,0,0,0
4/27/2016,9:00 AM,0,0,0
4/27/2016,9:15 AM,0,0,0
4/27/2016,9:30 AM,0,0,0
4/27/2016,9:45 AM,0,0,0
4/27/2016,10:00 AM,0,0,0
4/27/2016,10:15 AM,0,0,0
4/27/2016,10:30 AM,0,0,0
4/27/2016,10:45 AM,0,0,0
4/27/2016,11:00 AM,0,0,0
4/27/2016,11:15 AM,0,0,0
4/27/2016,11:30 AM,0,0,0
4/27/2016,11:45 AM,0,0,0
4/27/2016,12:00 PM,0,0,0
4/27/2016,12:15 PM,0,0,0
4/27/2016,12:30 PM,0,0,0
4/27/2016,12:45 PM,0,0,0
4/27/2016,1:00 PM,0,0,0
4/27/2016,1:15 PM,0.4,5.4,0.01574804
4/27/2016,1:30 PM,0,0,0
4/27/2016,1:45 PM,0,0,0
4/27/2016,2:00 PM,0,0,0
4/27/2016,2:15 PM,0,0,0
4/27/2016,2:30 PM,0,0,0
4/27/2016,2:45 PM,0,0,0
4/27/2016,3:00 PM,0,0,0
4/27/2016,3:15 PM,0,0,0
4/27/2016,3:30 PM,0,0,0
4/27/2016,3:45 PM,0,0,0
4/27/2016,4:00 PM,0,0,0
4/27/2016,4:15 PM,0,0,0
4/27/2016,4:30 PM,0,0,0
4/27/2016,4:45 PM,0,0,0
4/27/2016,5:00 PM,0,0,0
4/27/2016,5:15 PM,0,0,0
4/27/2016,5:30 PM,0,0,0
4/27/2016,5:45 PM,0,0,0
4/27/2016,6:00 PM,0,0,0
4/27/2016,6:15 PM,0,0,0
4/27/2016,6:30 PM,0,0,0
4/27/2016,6:45 PM,0,0,0
4/27/2016,7:00 PM,0,0,0
4/27/2016,7:15 PM,0,0,0
4/27/2016,7:30 PM,0,0,0
4/27/2016,7:45 PM,0,0,0
4/27/2016,8:00 PM,0,0,0
4/27/2016,8:15 PM,0,0,0
4/27/2016,8:30 PM,0,0,0
4/27/2016,8:45 PM,0,0,0
4/27/2016,9:00 PM,0,0,0
4/27/2016,9:15 PM,0,0,0
4/27/2016,9:30 PM,0,0,0
4/27/2016,9:45 PM,0,0,0
4/27/2016,10:00 PM,0,0,0
4/27/2016,10:15 PM,0,0,0
4/27/2016,10:30 PM,0,0,0
4/27/2016,10:45 PM,0,0,0
4/27/2016,11:00 PM,0,0,0
4/27/2016,11:15 PM,0,0,0
4/27/2016,11:30 PM,0,0,0
4/27/2016,11:45 PM,0,0,0
4/28/2016,12:00 AM,0,0,0
4/28/2016,12:15 AM,0,0,0
4/28/2016,12:30 AM,0.2,0,0.00787402
4/28/2016,12:45 AM,0,0,0
4/28/2016,1:00 AM,0,0,0
4/28/2016,1:15 AM,0,0,0
4/28/2016,1:30 AM,0,0,0
4/28/2016,1:45 AM,0,0,0
4/28/2016,2:00 AM,0,0,0
4/28/2016,2:15 AM,0,0,0
4/28/2016,2:30 AM,0,0,0
4/28/2016,2:45 AM,0,0,0
4/28/2016,3:00 AM,0,0,0
4/28/2016,3:15 AM,0,0,0
4/28/2016,3:30 AM,0,0,0
4/28/2016,3:45 AM,0,0,0
4/28/2016,4:00 AM,0,0,0
4/28/2016,4:15 AM,0,0,0
4/28/2016,4:30 AM,0,0,0
4/28/2016,4:45 AM,0,0,0
4/28/2016,5:00 AM,0,0,0
4/28/2016,5:15 AM,0,0,0
4/28/2016,5:30 AM,0,0,0
4/28/2016,5:45 AM,0,0,0
4/28/2016,6:00 AM,0,0,0
4/28/2016,6:15 AM,0,0,0
4/28/2016,6:30 AM,0,0,0
4/28/2016,6:45 AM,0,0,0
4/28/2016,7:00 AM,0,0,0
4/28/2016,7:15 AM,0,0,0
4/28/2016,7:30 AM,0,0,0
4/28/2016,7:45 AM,0,0,0
4/28/2016,8:00 AM,0,0,0
4/28/2016,8:15 AM,0,0,0
4/28/2016,8:30 AM,0,0,0
4/28/2016,8:45 AM,0,0,0
4/28/2016,9:00 AM,0,0,0
4/28/2016,9:15 AM,0.2,0,0.00787402
4/28/2016,9:30 AM,0.4,5.6,0.01574804
4/28/2016,9:45 AM,0,0,0
4/28/2016,10:00 AM,0,0,0
4/28/2016,10:15 AM,0,0,0
4/28/2016,10:30 AM,0,0,0
4/28/2016,10:45 AM,0,0,0
4/28/2016,11:00 AM,0.4,4.2,0.01574804
4/28/2016,11:15 AM,1.8,20.2,0.07086618
4/28/2016,11:30 AM,2.8,24.8,0.11023628
4/28/2016,11:45 AM,1.8,23,0.07086618
4/28/2016,12:00 PM,1.6,17.2,0.06299216
4/28/2016,12:15 PM,0,0.8,0
4/28/2016,12:30 PM,0,0,0
4/28/2016,12:45 PM,0,0,0
4/28/2016,1:00 PM,0.2,0,0.00787402
4/28/2016,1:15 PM,0,0,0
4/28/2016,1:30 PM,0,0,0
4/28/2016,1:45 PM,0,0,0
4/28/2016,2:00 PM,0,0,0
4/28/2016,2:15 PM,0,0,0
4/28/2016,2:30 PM,0,0,0
4/28/2016,2:45 PM,0,0,0
4/28/2016,3:00 PM,0,0,0
4/28/2016,3:15 PM,0,0,0
4/28/2016,3:30 PM,0,0,0
4/28/2016,3:45 PM,0,0,0
4/28/2016,4:00 PM,0,0,0
4/28/2016,4:15 PM,0,0,0
4/28/2016,4:30 PM,0,0,0
4/28/2016,4:45 PM,0,0,0
4/28/2016,5:00 PM,0,0,0
4/28/2016,5:15 PM,0,0,0
4/28/2016,5:30 PM,0,0,0
4/28/2016,5:45 PM,0,0,0
4/28/2016,6:00 PM,0,0,0
4/28/2016,6:15 PM,0,0,0
4/28/2016,6:30 PM,0,0,0
4/28/2016,6:45 PM,0,0,0
4/28/2016,7:00 PM,0,0,0
4/28/2016,7:15 PM,0,0,0
4/28/2016,7:30 PM,0,0,0
4/28/2016,7:45 PM,0,0,0
4/28/2016,8:00 PM,0,0,0
4/28/2016,8:15 PM,0,0,0
4/28/2016,8:30 PM,0,0,0
4/28/2016,8:45 PM,0,0,0
4/28/2016,9:00 PM,0,0,0
4/28/2016,9:15 PM,0,0,0
4/28/2016,9:30 PM,0,0,0
4/28/2016,9:45 PM,0,0,0
4/28/2016,10:00 PM,0,0,0
4/28/2016,10:15 PM,0,0,0
4/28/2016,10:30 PM,0,0,0
4/28/2016,10:45 PM,0,0,0
4/28/2016,11:00 PM,0,0,0
4/28/2016,11:15 PM,0,0,0
4/28/2016,11:30 PM,0,0,0
4/28/2016,11:45 PM,0,0,0
4/29/2016,12:00 AM,0,0,0
4/29/2016,12:15 AM,0,0,0
4/29/2016,12:30 AM,0,0,0
4/29/2016,12:45 AM,0,0,0
4/29/2016,1:00 AM,0,0,0
4/29/2016,1:15 AM,0,0,0
4/29/2016,1:30 AM,0,0,0
4/29/2016,1:45 AM,0,0,0
4/29/2016,2:00 AM,0,0,0
4/29/2016,2:15 AM,0,0,0
4/29/2016,2:30 AM,0,0,0
4/29/2016,2:45 AM,0,0,0
4/29/2016,3:00 AM,0,0,0
4/29/2016,3:15 AM,0,0,0
4/29/2016,3:30 AM,0,0,0
4/29/2016,3:45 AM,0,0,0
4/29/2016,4:00 AM,0,0,0
4/29/2016,4:15 AM,0,0,0
4/29/2016,4:30 AM,0,0,0
4/29/2016,4:45 AM,0,0,0
4/29/2016,5:00 AM,0,0,0
4/29/2016,5:15 AM,0,0,0
4/29/2016,5:30 AM,0,0,0
4/29/2016,5:45 AM,0,0,0
4/29/2016,6:00 AM,0,0,0
4/29/2016,6:15 AM,0,0,0
4/29/2016,6:30 AM,0,0,0
4/29/2016,6:45 AM,0,0,0
4/29/2016,7:00 AM,0,0,0
4/29/2016,7:15 AM,0,0,0
4/29/2016,7:30 AM,0,0,0
4/29/2016,7:45 AM,0,0,0
4/29/2016,8:00 AM,0,0,0
4/29/2016,8:15 AM,0,0,0
4/29/2016,8:30 AM,0,0,0
4/29/2016,8:45 AM,0,0,0
4/29/2016,9:00 AM,0,0,0
4/29/2016,9:15 AM,0,0,0
4/29/2016,9:30 AM,0,0,0
4/29/2016,9:45 AM,0,0,0
4/29/2016,10:00 AM,0,0,0
4/29/2016,10:15 AM,0,0,0
4/29/2016,10:30 AM,0,0,0
4/29/2016,10:45 AM,0,0,0
4/29/2016,11:00 AM,0,0,0
4/29/2016,11:15 AM,0,0,0
4/29/2016,11:30 AM,0,0,0
4/29/2016,11:45 AM,0,0,0
4/29/2016,12:00 PM,0,0,0
4/29/2016,12:15 PM,0,0,0
4/29/2016,12:30 PM,0,0,0
4/29/2016,12:45 PM,0,0,0
4/29/2016,1:00 PM,0,0,0
4/29/2016,1:15 PM,0,0,0
4/29/2016,1:30 PM,0,0,0
4/29/2016,1:45 PM,0,0,0
4/29/2016,2:00 PM,0,0,0
4/29/2016,2:15 PM,0,0,0
4/29/2016,2:30 PM,0,0,0
4/29/2016,2:45 PM,0,0,0
4/29/2016,3:00 PM,0,0,0
4/29/2016,3:15 PM,0,0,0
4/29/2016,3:30 PM,0,0,0
4/29/2016,3:45 PM,0,0,0
4/29/2016,4:00 PM,0,0,0
4/29/2016,4:15 PM,0,0,0
4/29/2016,4:30 PM,0,0,0
4/29/2016,4:45 PM,0,0,0
4/29/2016,5:00 PM,1,8,0.0393701
4/29/2016,5:15 PM,1.6,26,0.06299216
4/29/2016,5:30 PM,0.8,9.4,0.03149608
4/29/2016,5:45 PM,0,0,0
4/29/2016,6:00 PM,4.6,59.6,0.18110246
4/29/2016,6:15 PM,1,13,0.0393701
4/29/2016,6:30 PM,1.8,17.6,0.07086618
4/29/2016,6:45 PM,5.6,65.8,0.22047256
4/29/2016,7:00 PM,8,60.4,0.3149608
4/29/2016,7:15 PM,8.2,75.8,0.32283482
4/29/2016,7:30 PM,5.2,64.8,0.20472452
4/29/2016,7:45 PM,3,24,0.1181103
4/29/2016,8:00 PM,2.6,21.6,0.10236226
4/29/2016,8:15 PM,3.6,21.8,0.14173236
4/29/2016,8:30 PM,3.6,23.4,0.14173236
4/29/2016,8:45 PM,1.4,12.4,0.05511814
4/29/2016,9:00 PM,1.2,30.2,0.04724412
4/29/2016,9:15 PM,2.8,32.2,0.11023628
4/29/2016,9:30 PM,4,58.2,0.1574804
4/29/2016,9:45 PM,2.4,35,0.09448824
4/29/2016,10:00 PM,5,36.8,0.1968505
4/29/2016,10:15 PM,2.6,73.8,0.10236226
4/29/2016,10:30 PM,7.8,94.4,0.30708678
4/29/2016,10:45 PM,5.6,51,0.22047256
4/29/2016,11:00 PM,2.2,25,0.08661422
4/29/2016,11:15 PM,0.4,4,0.01574804
4/29/2016,11:30 PM,0.2,1.6,0.00787402
4/29/2016,11:45 PM,0,0,0
4/30/2016,12:00 AM,3.8,61.6,0.14960638
4/30/2016,12:15 AM,3.4,34.6,0.13385834
4/30/2016,12:30 AM,0.8,11.8,0.03149608
4/30/2016,12:45 AM,0,0,0
4/30/2016,1:00 AM,0.2,0,0.00787402
4/30/2016,1:15 AM,0,0,0
4/30/2016,1:30 AM,0.2,0,0.00787402
4/30/2016,1:45 AM,0,0,0
4/30/2016,2:00 AM,0,0,0
4/30/2016,2:15 AM,0,0,0
4/30/2016,2:30 AM,0.2,0,0.00787402
4/30/2016,2:45 AM,0,0,0
4/30/2016,3:00 AM,2,30.6,0.0787402
4/30/2016,3:15 AM,0,0,0
4/30/2016,3:30 AM,0.6,8.8,0.02362206
4/30/2016,3:45 AM,0.2,1.6,0.00787402
4/30/2016,4:00 AM,0,0,0
4/30/2016,4:15 AM,0.2,0,0.00787402
4/30/2016,4:30 AM,0,0,0
4/30/2016,4:45 AM,0.4,25,0.01574804
4/30/2016,5:00 AM,0.2,1.8,0.00787402
4/30/2016,5:15 AM,0,0,0
4/30/2016,5:30 AM,0,0,0
4/30/2016,5:45 AM,0,0,0
4/30/2016,6:00 AM,0,0,0
4/30/2016,6:15 AM,0,0,0
4/30/2016,6:30 AM,0,0,0
4/30/2016,6:45 AM,0,0,0
4/30/2016,7:00 AM,0,0,0
4/30/2016,7:15 AM,0,0,0
4/30/2016,7:30 AM,0,0,0
4/30/2016,7:45 AM,0,0,0
4/30/2016,8:00 AM,0,0,0
4/30/2016,8:15 AM,0,0,0
4/30/2016,8:30 AM,0,0,0
4/30/2016,8:45 AM,0,0,0
4/30/2016,9:00 AM,0,0,0
4/30/2016,9:15 AM,0,0,0
4/30/2016,9:30 AM,0,0,0
4/30/2016,9:45 AM,0,0,0
4/30/2016,10:00 AM,0,0,0
4/30/2016,10:15 AM,0,0,0
4/30/2016,10:30 AM,0,0,0
4/30/2016,10:45 AM,0,0,0
4/30/2016,11:00 AM,0.2,0,0.00787402
4/30/2016,11:15 AM,0,0,0
4/30/2016,11:30 AM,0,0,0
4/30/2016,11:45 AM,0,0,0
4/30/2016,12:00 PM,0,0,0
4/30/2016,12:15 PM,0.2,0,0.00787402
4/30/2016,12:30 PM,2.2,27,0.08661422
4/30/2016,12:45 PM,6.4,55.4,0.25196864
4/30/2016,1:00 PM,11.6,72.4,0.45669316
4/30/2016,1:15 PM,12.8,80,0.50393728
4/30/2016,1:30 PM,8.4,65.8,0.33070884
4/30/2016,1:45 PM,5.4,33.8,0.21259854
4/30/2016,2:00 PM,1,16.6,0.0393701
4/30/2016,2:15 PM,0,0,0
4/30/2016,2:30 PM,0.4,2.8,0.01574804
4/30/2016,2:45 PM,0.6,3.6,0.02362206
4/30/2016,3:00 PM,0.2,2.4,0.00787402
4/30/2016,3:15 PM,0,0,0
4/30/2016,3:30 PM,0.2,0,0.00787402
4/30/2016,3:45 PM,0.6,3.2,0.02362206
4/30/2016,4:00 PM,0.4,3.2,0.01574804
4/30/2016,4:15 PM,0,0.8,0
4/30/2016,4:30 PM,0,0,0
4/30/2016,4:45 PM,0,0,0
4/30/2016,5:00 PM,0,0,0
4/30/2016,5:15 PM,0,0,0
4/30/2016,5:30 PM,0,0,0
4/30/2016,5:45 PM,0,0,0
4/30/2016,6:00 PM,0,0,0
4/30/2016,6:15 PM,0.2,0,0.00787402
4/30/2016,6:30 PM,0,0,0
4/30/2016,6:45 PM,0,0,0
4/30/2016,7:00 PM,0,0,0
4/30/2016,7:15 PM,0,0,0
4/30/2016,7:30 PM,0,0,0
4/30/2016,7:45 PM,0,0,0
4/30/2016,8:00 PM,0,0,0
4/30/2016,8:15 PM,0.4,1.6,0.01574804
4/30/2016,8:30 PM,0.2,1.6,0.00787402
4/30/2016,8:45 PM,0,0,0
4/30/2016,9:00 PM,0,0,0
4/30/2016,9:15 PM,0,0,0
4/30/2016,9:30 PM,0,0,0
4/30/2016,9:45 PM,0,0,0
4/30/2016,10:00 PM,0,0,0
4/30/2016,10:15 PM,0,0,0
4/30/2016,10:30 PM,0,0,0
4/30/2016,10:45 PM,0,0,0
4/30/2016,11:00 PM,0,0,0
4/30/2016,11:15 PM,0,0,0
4/30/2016,11:30 PM,1.6,33.2,0.06299216
4/30/2016,11:45 PM,0.2,2,0.00787402
