date,NTU,rain
11/20/14 16:30,0.092138,
11/20/14 16:31,0.064594,
11/20/14 16:32,0.073854,
11/20/14 16:33,0.069621,
11/20/14 16:34,0.062896,
11/20/14 16:35,0.06233,
11/20/14 16:36,0.05655,
11/20/14 16:37,0.067416,
11/20/14 16:38,0.069917,
11/20/14 16:39,0.061924,
11/20/14 16:40,0.056162,
11/20/14 16:41,0.054624,
11/20/14 16:42,0.052486,
11/20/14 16:43,0.050197,
11/20/14 16:44,0.050577,
11/20/14 16:45,0.051498,
11/20/14 16:46,0.050661,
11/20/14 16:47,0.051641,
11/20/14 16:48,0.050594,
11/20/14 16:49,0.048346,
11/20/14 16:50,0.048836,
11/20/14 16:51,0.047586,
11/20/14 16:52,0.046918,
11/20/14 16:53,0.046124,
11/20/14 16:54,0.045685,
11/20/14 16:55,0.045659,
11/20/14 16:56,0.045499,
11/20/14 16:57,0.045533,
11/20/14 16:58,0.04544,
11/20/14 16:59,0.045119,
11/20/14 17:00,0.044815,0
11/20/14 17:01,0.044848,
11/20/14 17:02,0.045043,
11/20/14 17:03,0.044722,
11/20/14 17:04,0.044375,
11/20/14 17:05,0.044282,
11/20/14 17:06,0.045102,
11/20/14 17:07,0.044536,
11/20/14 17:08,0.044612,
11/20/14 17:09,0.044646,
11/20/14 17:10,0.044485,
11/20/14 17:11,0.044156,
11/20/14 17:12,0.044738,
11/20/14 17:13,0.044341,
11/20/14 17:14,0.043944,
11/20/14 17:15,0.043725,
11/20/14 17:16,0.04348,
11/20/14 17:17,0.043327,
11/20/14 17:18,0.043192,
11/20/14 17:19,0.043082,
11/20/14 17:20,0.043294,
11/20/14 17:21,0.043015,
11/20/14 17:22,0.043142,
11/20/14 17:23,0.043049,
11/20/14 17:24,0.042905,
11/20/14 17:25,0.042939,
11/20/14 17:26,0.042728,
11/20/14 17:27,0.042533,
11/20/14 17:28,0.042499,
11/20/14 17:29,0.042271,
11/20/14 17:30,0.042221,
11/20/14 17:31,0.042161,
11/20/14 17:32,0.042238,
11/20/14 17:33,0.042322,
11/20/14 17:34,0.042263,
11/20/14 17:35,0.04228,
11/20/14 17:36,0.042001,
11/20/14 17:37,0.042069,
11/20/14 17:38,0.042035,
11/20/14 17:39,0.042102,
11/20/14 17:40,0.0419,
11/20/14 17:41,0.041916,
11/20/14 17:42,0.042356,
11/20/14 17:43,0.042373,
11/20/14 17:44,0.042161,
11/20/14 17:45,0.041959,
11/20/14 17:46,0.041832,
11/20/14 17:47,0.04179,
11/20/14 17:48,0.041883,
11/20/14 17:49,0.041697,
11/20/14 17:50,0.041671,
11/20/14 17:51,0.041815,
11/20/14 17:52,0.041671,
11/20/14 17:53,0.041714,
11/20/14 17:54,0.041705,
11/20/14 17:55,0.041832,
11/20/14 17:56,0.041756,
11/20/14 17:57,0.041874,
11/20/14 17:58,0.041714,
11/20/14 17:59,0.041655,
11/20/14 18:00,0.041731,0
11/20/14 18:01,0.041807,
11/20/14 18:02,0.041739,
11/20/14 18:03,0.041705,
11/20/14 18:04,0.041781,
11/20/14 18:05,0.041638,
11/20/14 18:06,0.041621,
11/20/14 18:07,0.041976,
11/20/14 18:08,0.04195,
11/20/14 18:09,0.041967,
11/20/14 18:10,0.042001,
11/20/14 18:11,0.042009,
11/20/14 18:12,0.042145,
11/20/14 18:13,0.042136,
11/20/14 18:14,0.041781,
11/20/14 18:15,0.042221,
11/20/14 18:16,0.042085,
11/20/14 18:17,0.042077,
11/20/14 18:18,0.042043,
11/20/14 18:19,0.041629,
11/20/14 18:20,0.04168,
11/20/14 18:21,0.041671,
11/20/14 18:22,0.041688,
11/20/14 18:23,0.041722,
11/20/14 18:24,0.041849,
11/20/14 18:25,0.041857,
11/20/14 18:26,0.041832,
11/20/14 18:27,0.041815,
11/20/14 18:28,0.041993,
11/20/14 18:29,0.042001,
11/20/14 18:30,0.042271,
11/20/14 18:31,0.042449,
11/20/14 18:32,0.042457,
11/20/14 18:33,0.042821,
11/20/14 18:34,0.042381,
11/20/14 18:35,0.042584,
11/20/14 18:36,0.042871,
11/20/14 18:37,0.042711,
11/20/14 18:38,0.042854,
11/20/14 18:39,0.042407,
11/20/14 18:40,0.042085,
11/20/14 18:41,0.042119,
11/20/14 18:42,0.042161,
11/20/14 18:43,0.042652,
11/20/14 18:44,0.042533,
11/20/14 18:45,0.043133,
11/20/14 18:46,0.04364,
11/20/14 18:47,0.04348,
11/20/14 18:48,0.043251,
11/20/14 18:49,0.043496,
11/20/14 18:50,0.043319,
11/20/14 18:51,0.042804,
11/20/14 18:52,0.04353,
11/20/14 18:53,0.043361,
11/20/14 18:54,0.043268,
11/20/14 18:55,0.042871,
11/20/14 18:56,0.042601,
11/20/14 18:57,0.042888,
11/20/14 18:58,0.043074,
11/20/14 18:59,0.042567,
11/20/14 19:00,0.042584,0
11/20/14 19:01,0.043006,
11/20/14 19:02,0.044434,
11/20/14 19:03,0.043936,
11/20/14 19:04,0.043944,
11/20/14 19:05,0.04402,
11/20/14 19:06,0.043674,
11/20/14 19:07,0.045026,
11/20/14 19:08,0.045575,
11/20/14 19:09,0.045271,
11/20/14 19:10,0.044899,
11/20/14 19:11,0.044882,
11/20/14 19:12,0.045364,
11/20/14 19:13,0.045085,
11/20/14 19:14,0.044477,
11/20/14 19:15,0.04391,
11/20/14 19:16,0.044426,
11/20/14 19:17,0.044198,
11/20/14 19:18,0.043412,
11/20/14 19:19,0.044113,
11/20/14 19:20,0.044637,
11/20/14 19:21,0.044933,
11/20/14 19:22,0.045279,
11/20/14 19:23,0.044899,
11/20/14 19:24,0.044223,
11/20/14 19:25,0.043412,
11/20/14 19:26,0.043691,
11/20/14 19:27,0.04435,
11/20/14 19:28,0.044603,
11/20/14 19:29,0.047392,
11/20/14 19:30,0.048727,
11/20/14 19:31,0.047358,
11/20/14 19:32,0.045423,
11/20/14 19:33,0.044232,
11/20/14 19:34,0.043632,
11/20/14 19:35,0.043074,
11/20/14 19:36,0.043995,
11/20/14 19:37,0.0456,
11/20/14 19:38,0.045837,
11/20/14 19:39,0.046631,
11/20/14 19:40,0.048473,
11/20/14 19:41,0.051751,
11/20/14 19:42,0.049656,
11/21/14 0:21,0.325007,
11/21/14 0:22,0.661961,
11/21/14 0:23,0.150886,
11/21/14 0:24,0.095805,
11/21/14 0:25,0.071632,
11/21/14 0:26,0.060285,
11/21/14 0:27,0.055317,
11/21/14 0:28,0.05541,
11/21/14 0:29,0.052664,
11/21/14 0:30,0.050881,
11/21/14 0:31,0.051253,
11/21/14 0:32,0.052622,
11/21/14 0:33,0.054649,
11/21/14 0:34,0.055545,
11/21/14 0:35,0.05557,
11/21/14 0:36,0.057108,
11/21/14 0:37,0.055815,
11/21/14 0:38,0.055469,
11/21/14 0:39,0.05399,
11/21/14 0:40,0.053095,
11/21/14 0:41,0.053112,
11/21/14 0:42,0.053314,
11/21/14 0:43,0.05334,
11/21/14 0:44,0.052968,
11/21/14 0:45,0.052689,
11/21/14 0:46,0.053154,
11/21/14 0:47,0.053213,
11/21/14 0:48,0.052757,
11/21/14 0:49,0.052943,
11/21/14 0:50,0.052562,
11/21/14 0:51,0.05323,
11/21/14 0:52,0.052774,
11/21/14 0:53,0.052275,
11/21/14 0:54,0.051937,
11/21/14 0:55,0.051591,
11/21/14 0:56,0.051937,
11/21/14 0:57,0.052672,
11/21/14 0:58,0.052571,
11/21/14 0:59,0.051802,
11/21/14 1:00,0.051151,0
11/21/14 1:01,0.051878,
11/21/14 1:02,0.052529,
11/21/14 1:03,0.053644,
11/21/14 1:04,0.053728,
11/21/14 1:05,0.05345,
11/21/14 1:06,0.053669,
11/21/14 1:07,0.053712,
11/21/14 1:08,0.053847,
11/21/14 1:09,0.053551,
11/21/14 1:10,0.053069,
11/21/14 1:11,0.053821,
11/21/14 1:12,0.054734,
11/21/14 1:13,0.056694,
11/21/14 1:14,0.05835,
11/21/14 1:15,0.057167,
11/21/14 1:16,0.055283,
11/21/14 1:17,0.054506,
11/21/14 1:18,0.054396,
11/21/14 1:19,0.053931,
11/21/14 1:20,0.053923,
11/21/14 1:21,0.054506,
11/21/14 1:22,0.053745,
11/21/14 1:23,0.054235,
11/21/14 1:24,0.054717,
11/21/14 1:25,0.054176,
11/21/14 1:26,0.05383,
11/21/14 1:27,0.054007,
11/21/14 1:28,0.053804,
11/21/14 1:29,0.054455,
11/21/14 1:30,0.05497,
11/21/14 1:31,0.055292,
11/21/14 1:32,0.055004,
11/21/14 1:33,0.056398,
11/21/14 1:34,0.057074,
11/21/14 1:35,0.056618,
11/21/14 1:36,0.05661,
11/21/14 1:37,0.05563,
11/21/14 1:38,0.055976,
11/21/14 1:39,0.055875,
11/21/14 1:40,0.055165,
11/21/14 1:41,0.054937,
11/21/14 1:42,0.055942,
11/21/14 1:43,0.055866,
11/21/14 1:44,0.054801,
11/21/14 1:45,0.055216,
11/21/14 1:46,0.055841,
11/21/14 1:47,0.055655,
11/21/14 1:48,0.055503,
11/21/14 1:49,0.055714,
11/21/14 1:50,0.055063,
11/21/14 1:51,0.055232,
11/21/14 1:52,0.055942,
11/21/14 1:53,0.055613,
11/21/14 1:54,0.055967,
11/21/14 1:55,0.056381,
11/21/14 1:56,0.055461,
11/21/14 1:57,0.056086,
11/21/14 1:58,0.055773,
11/21/14 1:59,0.056255,
11/21/14 2:00,0.055993,0
11/21/14 2:01,0.056736,
11/21/14 2:02,0.057345,
11/21/14 2:03,0.057902,
11/21/14 2:04,0.058114,
11/21/14 2:05,0.057083,
11/21/14 2:06,0.057683,
11/21/14 2:07,0.057691,
11/21/14 2:08,0.058054,
11/21/14 2:09,0.058164,
11/21/14 2:10,0.059136,
11/21/14 2:11,0.058908,
11/21/14 2:12,0.058756,
11/21/14 2:13,0.058646,
11/21/14 2:14,0.057691,
11/21/14 2:15,0.058823,
11/21/14 2:16,0.059972,
11/21/14 2:17,0.060817,
11/21/14 2:18,0.060192,
11/21/14 2:19,0.059863,
11/21/14 2:20,0.059457,
11/21/14 2:21,0.06026,
11/21/14 2:22,0.060437,
11/21/14 2:23,0.060809,
11/21/14 2:24,0.060953,
11/21/14 2:25,0.061045,
11/21/14 2:26,0.060032,
11/21/14 2:27,0.059423,
11/21/14 2:28,0.060234,
11/21/14 2:29,0.060876,
11/21/14 2:30,0.061493,
11/21/14 16:06,0.633715,
11/21/14 16:07,0.347887,
11/21/14 16:08,1.077746,
11/21/14 16:09,0.193039,
11/21/14 16:10,0.103291,
11/21/14 16:11,0.072697,
11/21/14 16:12,0.063352,
11/21/14 16:13,0.066909,
11/21/14 16:14,0.060201,
11/21/14 16:15,0.055621,
11/21/14 16:16,0.052047,
11/21/14 16:17,0.050957,
11/21/14 16:18,0.050087,
11/21/14 16:19,0.050045,
11/21/14 16:20,0.049614,
11/21/14 16:21,0.048904,
11/21/14 16:22,0.048118,
11/21/14 16:23,0.048152,
11/21/14 16:24,0.052892,
11/21/14 16:25,0.053728,
11/21/14 16:26,0.050349,
11/21/14 16:27,0.048625,
11/21/14 16:28,0.049048,
11/21/14 16:29,0.048389,
11/21/14 16:30,0.047552,
11/21/14 16:31,0.046716,
11/21/14 16:32,0.046564,
11/21/14 16:33,0.046648,
11/21/14 16:34,0.046031,
11/21/14 16:35,0.045643,
11/21/14 16:36,0.045769,
11/21/14 16:37,0.045685,
11/21/14 16:38,0.045423,
11/21/14 16:39,0.045406,
11/21/14 16:40,0.045169,
11/21/14 16:41,0.045043,
11/21/14 16:42,0.044561,
11/21/14 16:43,0.044519,
11/21/14 16:44,0.044401,
11/21/14 16:45,0.045398,
11/21/14 16:46,0.044815,
11/21/14 16:47,0.044392,
11/21/14 16:48,0.044341,
11/21/14 16:49,0.044409,
11/21/14 16:50,0.043944,
11/21/14 16:51,0.043716,
11/21/14 16:52,0.043581,
11/21/14 16:53,0.04348,
11/21/14 16:54,0.043294,
11/21/14 16:55,0.043201,
11/21/14 16:56,0.042981,
11/21/14 16:57,0.042854,
11/21/14 16:58,0.042973,
11/21/14 16:59,0.042922,
11/21/14 17:00,0.042956,0
11/21/14 17:01,0.043091,
11/21/14 17:02,0.042643,
11/21/14 17:03,0.043311,
11/21/14 17:04,0.043573,
11/21/14 17:05,0.043251,
11/21/14 17:06,0.04304,
11/21/14 17:07,0.042576,
11/21/14 17:08,0.042423,
11/21/14 17:09,0.04228,
11/21/14 17:10,0.042178,
11/21/14 17:11,0.042187,
11/21/14 17:12,0.042128,
11/21/14 17:13,0.042229,
11/21/14 17:14,0.04239,
11/21/14 17:15,0.042254,
11/21/14 17:16,0.042001,
11/21/14 17:17,0.041773,
11/21/14 17:18,0.041764,
11/21/14 17:19,0.041773,
11/21/14 17:20,0.041815,
11/21/14 17:21,0.04179,
11/21/14 17:22,0.041756,
11/21/14 17:23,0.041747,
11/21/14 17:24,0.041883,
11/21/14 17:25,0.041773,
11/21/14 17:26,0.041722,
11/21/14 17:27,0.041663,
11/21/14 17:28,0.041798,
11/21/14 17:29,0.041663,
11/21/14 17:30,0.041781,
11/21/14 17:31,0.04179,
11/21/14 17:32,0.041773,
11/21/14 17:33,0.0419,
11/21/14 17:34,0.041671,
11/21/14 17:35,0.041646,
11/21/14 17:36,0.041612,
11/21/14 17:37,0.041671,
11/21/14 17:38,0.041578,
11/21/14 17:39,0.041528,
11/21/14 17:40,0.041663,
11/21/14 17:41,0.041705,
11/21/14 17:42,0.041629,
11/21/14 17:43,0.041629,
11/21/14 17:44,0.041519,
11/21/14 17:45,0.04157,
11/21/14 17:46,0.041697,
11/21/14 17:47,0.041536,
11/21/14 17:48,0.041536,
11/21/14 17:49,0.041452,
11/21/14 17:50,0.041646,
11/21/14 17:51,0.041629,
11/21/14 17:52,0.04157,
11/21/14 17:53,0.041452,
11/21/14 17:54,0.041536,
11/21/14 17:55,0.041511,
11/21/14 17:56,0.041663,
11/21/14 17:57,0.04168,
11/21/14 17:58,0.041756,
11/21/14 17:59,0.041595,
11/21/14 18:00,0.041595,0
11/21/14 18:01,0.041418,
11/21/14 18:02,0.041553,
11/21/14 18:03,0.041621,
11/21/14 18:04,0.041655,
11/21/14 18:05,0.041562,
11/21/14 18:06,0.041638,
11/21/14 18:07,0.041781,
11/21/14 18:08,0.042001,
11/21/14 18:09,0.042102,
11/21/14 18:10,0.042111,
11/21/14 18:11,0.041739,
11/21/14 18:12,0.041832,
11/21/14 18:13,0.041705,
11/21/14 18:14,0.041959,
11/21/14 18:15,0.041984,
11/21/14 18:16,0.042026,
11/21/14 18:17,0.042077,
11/21/14 18:18,0.041874,
11/21/14 18:19,0.041722,
11/21/14 18:20,0.042398,
11/21/14 18:21,0.041976,
11/21/14 18:22,0.041807,
11/21/14 18:23,0.04157,
11/21/14 18:24,0.041629,
11/21/14 18:25,0.041511,
11/21/14 18:26,0.041671,
11/21/14 18:27,0.041959,
11/21/14 18:28,0.041714,
11/21/14 18:29,0.042246,
11/21/14 18:30,0.04239,
11/21/14 18:31,0.042677,
11/21/14 18:32,0.04244,
11/21/14 18:33,0.042398,
11/21/14 18:34,0.042432,
11/21/14 18:35,0.04277,
11/21/14 18:36,0.042364,
11/21/14 18:37,0.04293,
11/21/14 18:38,0.042601,
11/21/14 18:39,0.04315,
11/21/14 18:40,0.04342,
11/21/14 18:41,0.043877,
11/21/14 18:42,0.04413,
11/21/14 18:43,0.043978,
11/21/14 18:44,0.044367,
11/21/14 18:45,0.04451,
11/21/14 18:46,0.044341,
11/21/14 18:47,0.044899,
11/21/14 18:48,0.044417,
11/21/14 18:49,0.043868,
11/21/14 18:50,0.043412,
11/21/14 18:51,0.04304,
11/21/14 18:52,0.043082,
11/21/14 18:53,0.043691,
11/21/14 18:54,0.043868,
11/21/14 18:55,0.044079,
11/21/14 18:56,0.043767,
11/21/14 18:57,0.044206,
11/21/14 18:58,0.044181,
11/21/14 18:59,0.044223,
11/21/14 19:00,0.044595,0
11/21/14 19:01,0.045668,
11/21/14 19:02,0.046048,
11/21/14 19:03,0.045237,
11/21/14 19:04,0.044392,
11/21/14 19:05,0.044443,
11/21/14 19:06,0.044063,
11/21/14 19:07,0.044443,
11/21/14 19:08,0.045203,
11/21/14 19:09,0.046293,
11/21/14 19:10,0.046217,
11/21/14 19:11,0.045685,
11/21/14 19:12,0.046758,
11/21/14 19:13,0.045583,
11/21/14 19:14,0.045321,
11/21/14 19:15,0.044257,
11/21/14 19:16,0.044181,
11/21/14 19:17,0.043471,
11/21/14 19:18,0.043336,
11/21/14 19:19,0.043074,
11/21/14 19:20,0.043404,
11/21/14 19:21,0.044316,
11/21/14 19:22,0.044857,
11/21/14 19:23,0.045769,
11/21/14 19:24,0.044815,
11/22/14 0:11,0.45101,
11/22/14 0:12,0.348149,
11/22/14 0:13,0.211205,
11/22/14 0:14,0.118855,
11/22/14 0:15,0.079203,
11/22/14 0:16,0.064527,
11/22/14 0:17,0.05808,
11/22/14 0:18,0.055993,
11/22/14 0:19,0.053737,
11/22/14 0:20,0.053289,
11/22/14 0:21,0.050383,
11/22/14 0:22,0.051177,
11/22/14 0:23,0.051143,
11/22/14 0:24,0.050797,
11/22/14 0:25,0.050146,
11/22/14 0:26,0.049943,
11/22/14 0:27,0.050501,
11/22/14 0:28,0.049673,
11/22/14 0:29,0.049681,
11/22/14 0:30,0.048988,
11/22/14 0:31,0.048634,
11/22/14 0:32,0.048515,
11/22/14 0:33,0.049022,
11/22/14 0:34,0.049276,
11/22/14 0:35,0.049884,
11/22/14 0:36,0.050002,
11/22/14 0:37,0.049926,
11/22/14 0:38,0.049386,
11/22/14 0:39,0.050112,
11/22/14 0:40,0.050864,
11/22/14 0:41,0.051405,
11/22/14 0:42,0.051489,
11/22/14 0:43,0.051253,
11/22/14 0:44,0.050873,
11/22/14 0:45,0.050906,
11/22/14 0:46,0.050281,
11/22/14 0:47,0.050171,
11/22/14 0:48,0.050019,
11/22/14 0:49,0.050433,
11/22/14 0:50,0.050771,
11/22/14 0:51,0.051058,
11/22/14 0:52,0.050307,
11/22/14 0:53,0.049563,
11/22/14 0:54,0.049386,
11/22/14 0:55,0.049352,
11/22/14 0:56,0.049318,
11/22/14 0:57,0.049048,
11/22/14 0:58,0.048786,
11/22/14 0:59,0.048752,
11/22/14 1:00,0.04898,0
11/22/14 1:01,0.049124,
11/22/14 1:02,0.049064,
11/22/14 1:03,0.048794,
11/22/14 1:04,0.049005,
11/22/14 1:05,0.049031,
11/22/14 1:06,0.049369,
11/22/14 1:07,0.049191,
11/22/14 1:08,0.048921,
11/22/14 1:09,0.048794,
11/22/14 1:10,0.049022,
11/22/14 1:11,0.049166,
11/22/14 1:12,0.049174,
11/22/14 1:13,0.049191,
11/22/14 1:14,0.049783,
11/22/14 1:15,0.050873,
11/22/14 1:16,0.051777,
11/22/14 1:17,0.051963,
11/22/14 1:18,0.052596,
11/22/14 1:19,0.05285,
11/22/14 1:20,0.053196,
11/22/14 1:21,0.053652,
11/22/14 1:22,0.054041,
11/22/14 1:23,0.054742,
11/22/14 1:24,0.054506,
11/22/14 1:25,0.055334,
11/22/14 1:26,0.055689,
11/22/14 1:27,0.056517,
11/22/14 1:28,0.057243,
11/22/14 1:29,0.056872,
11/22/14 1:30,0.056542,
11/22/14 1:31,0.055841,
11/22/14 1:32,0.057041,
11/22/14 1:33,0.05764,
11/22/14 1:34,0.057319,
11/22/14 1:35,0.057193,
11/22/14 1:36,0.056314,
11/22/14 1:37,0.05552,
11/22/14 1:38,0.056365,
11/22/14 1:39,0.055858,
11/22/14 1:40,0.05606,
11/22/14 1:41,0.056035,
11/22/14 1:42,0.057235,
11/22/14 1:43,0.057852,
11/22/14 1:44,0.057784,
11/22/14 1:45,0.058232,
11/22/14 1:46,0.057564,
11/22/14 1:47,0.057294,
11/22/14 1:48,0.057412,
11/22/14 1:49,0.057167,
11/22/14 1:50,0.057809,
11/22/14 1:51,0.058713,
11/22/14 1:52,0.058249,
11/22/14 1:53,0.057607,
11/22/14 1:54,0.058215,
11/22/14 1:55,0.059102,
11/22/14 1:56,0.058629,
11/22/14 1:57,0.056863,
11/22/14 1:58,0.057911,
11/22/14 1:59,0.058511,
11/22/14 2:00,0.058663,0
11/22/14 2:01,0.058781,
11/22/14 2:02,0.059018,
11/22/14 2:03,0.059803,
11/22/14 2:04,0.060446,
11/22/14 2:05,0.060851,
11/22/14 2:06,0.062,
11/22/14 2:07,0.061688,
11/22/14 2:08,0.061983,
11/22/14 2:09,0.061468,
11/22/14 2:10,0.060969,
11/22/14 2:11,0.06075,
11/22/14 2:12,0.060606,
11/22/14 2:13,0.060775,
11/22/14 2:14,0.061958,
11/22/14 2:15,0.062651,
11/22/14 2:16,0.06342,
11/22/14 2:17,0.063394,
11/22/14 2:18,0.06478,
11/22/14 2:19,0.065524,
11/22/14 2:20,0.065253,
11/22/14 2:21,0.063014,
11/22/14 2:22,0.062803,
11/22/14 2:23,0.063251,
11/22/14 16:05,0.634138,
11/22/14 16:06,0.349146,
11/22/14 16:07,0.88992,
11/22/14 16:08,0.210301,
11/22/14 16:09,0.113819,
11/22/14 16:10,0.077251,
11/22/14 16:11,0.063327,
11/22/14 16:12,0.056263,
11/22/14 16:13,0.05247,
11/22/14 16:14,0.05094,
11/22/14 16:15,0.048532,
11/22/14 16:16,0.047527,
11/22/14 16:17,0.052106,
11/22/14 16:18,0.051819,
11/22/14 16:19,0.051253,
11/22/14 16:20,0.05078,
11/22/14 16:21,0.050298,
11/22/14 16:22,0.050881,
11/22/14 16:23,0.052081,
11/22/14 16:24,0.049833,
11/22/14 16:25,0.047932,
11/22/14 16:26,0.047087,
11/22/14 16:27,0.047037,
11/22/14 16:28,0.046268,
11/22/14 16:29,0.045888,
11/22/14 16:30,0.045727,
11/22/14 16:31,0.045398,
11/22/14 16:32,0.04533,
11/22/14 16:33,0.045153,
11/22/14 16:34,0.045676,
11/22/14 16:35,0.04522,
11/22/14 16:36,0.045051,
11/22/14 16:37,0.045144,
11/22/14 16:38,0.044544,
11/22/14 16:39,0.044257,
11/22/14 16:40,0.044223,
11/22/14 16:41,0.044156,
11/22/14 16:42,0.044215,
11/22/14 16:43,0.044003,
11/22/14 16:44,0.043809,
11/22/14 16:45,0.043944,
11/22/14 16:46,0.04386,
11/22/14 16:47,0.043463,
11/22/14 16:48,0.043243,
11/22/14 16:49,0.04326,
11/22/14 16:50,0.043066,
11/22/14 16:51,0.043032,
11/22/14 16:52,0.042804,
11/22/14 16:53,0.042922,
11/22/14 16:54,0.042728,
11/22/14 16:55,0.04288,
11/22/14 16:56,0.042652,
11/22/14 16:57,0.042652,
11/22/14 16:58,0.042753,
11/22/14 16:59,0.042618,
11/22/14 17:00,0.04244,0
11/22/14 17:01,0.04239,
11/22/14 17:02,0.042356,
11/22/14 17:03,0.04239,
11/22/14 17:04,0.042229,
11/22/14 17:05,0.042145,
11/22/14 17:06,0.042128,
11/22/14 17:07,0.041959,
11/22/14 17:08,0.041832,
11/22/14 17:09,0.04179,
11/22/14 17:10,0.041739,
11/22/14 17:11,0.041731,
11/22/14 17:12,0.041714,
11/22/14 17:13,0.041697,
11/22/14 17:14,0.041781,
11/22/14 17:15,0.041655,
11/22/14 17:16,0.041604,
11/22/14 17:17,0.041671,
11/22/14 17:18,0.041621,
11/22/14 17:19,0.041747,
11/22/14 17:20,0.041553,
11/22/14 17:21,0.041578,
11/22/14 17:22,0.041629,
11/22/14 17:23,0.041511,
11/22/14 17:24,0.041536,
11/22/14 17:25,0.041452,
11/22/14 17:26,0.041486,
11/22/14 17:27,0.041595,
11/22/14 17:28,0.041384,
11/22/14 17:29,0.041426,
11/22/14 17:30,0.041469,
11/22/14 17:31,0.041553,
11/22/14 17:32,0.041578,
11/22/14 17:33,0.041486,
11/22/14 17:34,0.041452,
11/22/14 17:35,0.041452,
11/22/14 17:36,0.041477,
11/22/14 17:37,0.041612,
11/22/14 17:38,0.041705,
11/22/14 17:39,0.041528,
11/22/14 17:40,0.041545,
11/22/14 17:41,0.041553,
11/22/14 17:42,0.041562,
11/22/14 17:43,0.041671,
11/22/14 17:44,0.041621,
11/22/14 17:45,0.041469,
11/22/14 17:46,0.041452,
11/22/14 17:47,0.041519,
11/22/14 17:48,0.041469,
11/22/14 17:49,0.041477,
11/22/14 17:50,0.041612,
11/22/14 17:51,0.041629,
11/22/14 17:52,0.041646,
11/22/14 17:53,0.041697,
11/22/14 17:54,0.041587,
11/22/14 17:55,0.041502,
11/22/14 17:56,0.041317,
11/22/14 17:57,0.041401,
11/22/14 17:58,0.041359,
11/22/14 17:59,0.041418,
11/22/14 18:00,0.041587,0
11/22/14 18:01,0.041612,
11/22/14 18:02,0.041621,
11/22/14 18:03,0.041773,
11/22/14 18:04,0.041671,
11/22/14 18:05,0.042474,
11/22/14 18:06,0.04293,
11/22/14 18:07,0.042364,
11/22/14 18:08,0.042128,
11/22/14 18:09,0.041866,
11/22/14 18:10,0.04228,
11/22/14 18:11,0.042322,
11/22/14 18:12,0.043125,
11/22/14 18:13,0.042973,
11/22/14 18:14,0.04293,
11/22/14 18:15,0.043226,
11/22/14 18:16,0.043589,
11/22/14 18:17,0.04397,
11/22/14 18:18,0.04582,
11/22/14 18:19,0.044679,
11/22/14 18:20,0.04511,
11/22/14 18:21,0.045026,
11/22/14 18:22,0.045296,
11/22/14 18:23,0.045076,
11/22/14 18:24,0.045558,
11/22/14 18:25,0.046479,
11/22/14 18:26,0.047434,
11/22/14 18:27,0.045921,
11/22/14 18:28,0.046521,
11/22/14 18:29,0.046487,
11/22/14 18:30,0.046656,
11/22/14 18:31,0.045583,
11/22/14 18:32,0.045355,
11/22/14 18:33,0.045262,
11/22/14 18:34,0.045153,
11/22/14 18:35,0.04549,
11/22/14 18:36,0.050484,
11/22/14 18:37,0.053281,
11/22/14 18:38,0.049521,
11/22/14 18:39,0.04822,
11/22/14 18:40,0.048346,
11/22/14 18:41,0.046487,
11/22/14 18:42,0.046057,
11/22/14 18:43,0.046487,
11/22/14 18:44,0.047442,
11/22/14 18:45,0.047434,
11/22/14 18:46,0.046859,
11/22/14 18:47,0.04691,
11/22/14 18:48,0.046741,
11/22/14 18:49,0.0462,
11/22/14 18:50,0.045786,
11/22/14 18:51,0.045482,
11/22/14 18:52,0.046961,
11/22/14 18:53,0.047552,
11/22/14 18:54,0.046395,
11/22/14 18:55,0.046969,
11/22/14 18:56,0.045609,
11/22/14 18:57,0.045102,
11/22/14 18:58,0.046437,
11/22/14 18:59,0.047206,
11/22/14 19:00,0.046699,0.01
11/22/14 19:01,0.045575,
11/22/14 19:02,0.046293,
11/22/14 19:03,0.049478,
11/22/14 19:04,0.051304,
11/22/14 19:05,0.048101,
11/22/14 19:06,0.045812,
11/22/14 19:07,0.045119,
11/22/14 19:08,0.044156,
11/22/14 19:09,0.045,
11/22/14 19:10,0.04751,
11/22/14 19:11,0.049504,
11/22/14 19:12,0.051304,
11/22/14 19:13,0.048236,
11/22/14 19:14,0.048819,
11/22/14 19:15,0.04811,
11/22/14 19:16,0.04811,
11/22/14 19:17,0.050129,
11/22/14 19:18,0.048963,
11/22/14 19:19,0.04664,
11/23/14 0:03,0.366535,
11/23/14 0:04,0.350185,
11/23/14 0:05,0.171924,
11/23/14 0:06,0.104001,
11/23/14 0:07,0.082971,
11/23/14 0:08,0.065954,
11/23/14 0:09,0.065135,
11/23/14 0:10,0.057877,
11/23/14 0:11,0.053669,
11/23/14 0:12,0.054142,
11/23/14 0:13,0.054379,
11/23/14 0:14,0.052807,
11/23/14 0:15,0.053298,
11/23/14 0:16,0.054903,
11/23/14 0:17,0.054717,
11/23/14 0:18,0.054371,
11/23/14 0:19,0.053103,
11/23/14 0:20,0.053745,
11/23/14 0:21,0.053661,
11/23/14 0:22,0.053838,
11/23/14 0:23,0.060724,
11/23/14 0:24,0.058544,
11/23/14 0:25,0.05715,
11/23/14 0:26,0.05688,
11/23/14 0:27,0.056196,
11/23/14 0:28,0.055199,
11/23/14 0:29,0.053881,
11/23/14 0:30,0.054244,
11/23/14 0:31,0.054303,
11/23/14 0:32,0.05383,
11/23/14 0:33,0.053162,
11/23/14 0:34,0.052461,
11/23/14 0:35,0.053695,
11/23/14 0:36,0.053788,
11/23/14 0:37,0.052622,
11/23/14 0:38,0.051802,
11/23/14 0:39,0.051312,
11/23/14 0:40,0.051388,
11/23/14 0:41,0.052056,
11/23/14 0:42,0.052672,
11/23/14 0:43,0.052858,
11/23/14 0:44,0.053509,
11/23/14 0:45,0.053973,
11/23/14 0:46,0.054421,
11/23/14 0:47,0.053002,
11/23/14 0:48,0.052343,
11/23/14 0:49,0.052478,
11/23/14 0:50,0.052774,
11/23/14 0:51,0.053661,
11/23/14 0:52,0.0547,
11/23/14 0:53,0.055368,
11/23/14 0:54,0.057066,
11/23/14 0:55,0.056525,
11/23/14 0:56,0.057201,
11/23/14 0:57,0.05819,
11/23/14 0:58,0.057455,
11/23/14 0:59,0.056136,
11/23/14 1:00,0.055706,0
11/23/14 1:01,0.055714,
11/23/14 1:02,0.056762,
11/23/14 1:03,0.057936,
11/23/14 1:04,0.05786,
11/23/14 1:05,0.057243,
11/23/14 1:06,0.057421,
11/23/14 1:07,0.057776,
11/23/14 1:08,0.058207,
11/23/14 1:09,0.057497,
11/23/14 1:10,0.056314,
11/23/14 1:11,0.056601,
11/23/14 1:12,0.057488,
11/23/14 1:13,0.058173,
11/23/14 1:14,0.059035,
11/23/14 1:15,0.059161,
11/23/14 1:16,0.058029,
11/23/14 1:17,0.059457,
11/23/14 1:18,0.06091,
11/23/14 1:19,0.059753,
11/23/14 1:20,0.058967,
11/23/14 1:21,0.059567,
11/23/14 1:22,0.059913,
11/23/14 1:23,0.05933,
11/23/14 1:24,0.058739,
11/23/14 1:25,0.059541,
11/23/14 1:26,0.058925,
11/23/14 1:27,0.058038,
11/23/14 1:28,0.058029,
11/23/14 1:29,0.058384,
11/23/14 1:30,0.058663,
11/23/14 1:31,0.058257,
11/23/14 1:32,0.058866,
11/23/14 1:33,0.059364,
11/23/14 1:34,0.058612,
11/23/14 1:35,0.058249,
11/23/14 1:36,0.059339,
11/23/14 1:37,0.060158,
11/23/14 1:38,0.060927,
11/23/14 1:39,0.060293,
11/23/14 1:40,0.059398,
11/23/14 1:41,0.059947,
11/23/14 1:42,0.061037,
11/23/14 1:43,0.059482,
11/23/14 1:44,0.059939,
11/23/14 1:45,0.060057,
11/23/14 1:46,0.060099,
11/23/14 1:47,0.060665,
11/23/14 1:48,0.061519,
11/23/14 1:49,0.061823,
11/23/14 1:50,0.060902,
11/23/14 1:51,0.059373,
11/23/14 1:52,0.059609,
11/23/14 1:53,0.05966,
11/23/14 1:54,0.060775,
11/23/14 1:55,0.059922,
11/23/14 1:56,0.059558,
11/23/14 1:57,0.059567,
11/23/14 1:58,0.059356,
11/23/14 1:59,0.059465,
11/23/14 2:00,0.060268,0
11/23/14 2:01,0.059939,
11/23/14 2:02,0.061316,
11/23/14 2:03,0.061071,
11/23/14 2:04,0.061417,
11/23/14 2:05,0.062516,
11/23/14 2:06,0.062533,
11/23/14 2:07,0.062516,
11/23/14 2:08,0.062059,
11/23/14 2:09,0.0614,
11/23/14 2:10,0.061434,
11/23/14 2:11,0.062034,
11/23/14 2:12,0.063352,
11/23/14 2:13,0.062516,
11/23/14 2:14,0.062879,
11/23/14 2:15,0.063124,
11/23/14 2:16,0.064434,
11/23/14 2:17,0.064831,
11/23/14 2:18,0.064298,
11/23/14 2:19,0.064265,
11/23/14 2:20,0.064155,
11/23/14 2:21,0.063741,
11/23/14 2:22,0.063707,
11/23/14 2:23,0.064695,
11/23/14 2:24,0.063977,
11/23/14 2:25,0.063073,
11/23/14 2:26,0.063631,
11/23/14 2:27,0.063496,
11/23/14 2:28,0.063496,
11/23/14 2:29,0.064755,
11/23/14 2:30,0.064814,
11/23/14 2:31,0.065971,
11/23/14 2:32,0.063884,
11/23/14 2:33,0.063217,
11/23/14 2:34,0.0644,
11/23/14 2:35,0.064391,
11/23/14 2:36,0.064527,
11/23/14 2:37,0.0644,
11/23/14 2:38,0.064501,
11/23/14 2:39,0.065033,
11/23/14 2:40,0.065752,
11/23/14 2:41,0.064966,
11/23/14 2:42,0.065,
11/23/14 2:43,0.065371,
11/23/14 2:44,0.065355,
11/23/14 2:45,0.066183,
11/23/14 2:46,0.065709,
11/23/14 2:47,0.067146,
11/23/14 2:48,0.067518,
11/23/14 2:49,0.066436,
11/23/14 2:50,0.066951,
11/23/14 2:51,0.067661,
11/23/14 2:52,0.070069,
11/23/14 2:53,0.068962,
11/23/14 2:54,0.069503,
11/23/14 2:55,0.069376,
11/23/14 2:56,0.069047,
11/23/14 2:57,0.068988,
11/23/14 2:58,0.068582,
11/23/14 2:59,0.06794,
11/23/14 3:00,0.066808,0.05
11/23/14 3:01,0.067247,
11/23/14 3:02,0.067129,
11/23/14 3:03,0.069782,
11/23/14 3:04,0.07072,
11/23/14 3:05,0.071362,
11/23/14 3:06,0.070627,
11/23/14 3:07,0.070999,
11/23/14 3:08,0.070703,
11/23/14 3:09,0.070095,
11/23/14 3:10,0.069909,
11/23/14 3:11,0.071134,
11/23/14 3:12,0.071531,
11/23/14 3:13,0.070061,
11/23/14 3:14,0.071565,
11/24/14 11:50,0.609787,
11/24/14 11:51,0.609212,
11/24/14 11:52,0.361372,
11/24/14 11:53,0.255766,
11/24/14 11:54,0.153277,
11/24/14 11:55,0.102725,
11/24/14 11:56,0.082346,
11/24/14 11:57,0.069486,
11/24/14 11:58,0.063166,
11/24/14 11:59,0.058367,
11/24/14 12:00,0.055984,0
11/24/14 12:01,0.055173,
11/24/14 12:02,0.055469,
11/24/14 12:03,0.052655,
11/24/14 12:04,0.053619,
11/24/14 12:05,0.054159,
11/24/14 12:06,0.05383,
11/24/14 12:07,0.055292,
11/24/14 12:08,0.053948,
11/24/14 12:09,0.054142,
11/24/14 12:10,0.055452,
11/24/14 12:11,0.052596,
11/24/14 12:12,0.051287,
11/24/14 12:13,0.050366,
11/24/14 12:14,0.049859,
11/24/14 12:15,0.049512,
11/24/14 12:16,0.049639,
11/24/14 12:17,0.04936,
11/24/14 12:18,0.04958,
11/24/14 12:19,0.050061,
11/24/14 12:20,0.049267,
11/24/14 12:21,0.04925,
11/24/14 12:22,0.049039,
11/24/14 12:23,0.048845,
11/24/14 12:24,0.048786,
11/24/14 12:25,0.048558,
11/24/14 12:26,0.047966,
11/24/14 12:27,0.048169,
11/24/14 12:28,0.047704,
11/24/14 12:29,0.047442,
11/24/14 12:30,0.047324,
11/24/14 12:31,0.046868,
11/24/14 12:32,0.046749,
11/24/14 12:33,0.046597,
11/24/14 12:34,0.046352,
11/24/14 12:35,0.046183,
11/24/14 12:36,0.046099,
11/24/14 12:37,0.045888,
11/24/14 12:38,0.045938,
11/24/14 12:39,0.04609,
11/24/14 12:40,0.045778,
11/24/14 12:41,0.045516,
11/24/14 12:42,0.045254,
11/24/14 12:43,0.045203,
11/24/14 12:44,0.044992,
11/24/14 12:45,0.044992,
11/24/14 12:46,0.044899,
11/24/14 12:47,0.044671,
11/24/14 12:48,0.044434,
11/24/14 12:49,0.044223,
11/24/14 12:50,0.044223,
11/24/14 12:51,0.043902,
11/24/14 12:52,0.043978,
11/24/14 12:53,0.043936,
11/24/14 12:54,0.044054,
11/25/14 10:36,0.604151,
11/25/14 10:37,0.6144,
11/25/14 10:38,0.494971,
11/25/14 10:39,0.360755,
11/25/14 10:40,0.241909,
11/25/14 10:41,0.16252,
11/25/14 10:42,0.10564,
11/25/14 10:43,0.077192,
11/25/14 10:44,0.062516,
11/25/14 10:45,0.056736,
11/25/14 10:46,0.058046,
11/25/14 16:26,0.338847,
11/25/14 16:27,1.214082,
11/25/14 16:28,0.208087,
11/25/14 16:29,0.110304,
11/25/14 16:30,0.076744,
11/25/14 16:31,0.065169,
11/25/14 16:32,0.05971,
11/25/14 16:33,0.055258,
11/25/14 16:34,0.05383,
11/25/14 16:35,0.054438,
11/25/14 16:36,0.052765,
11/25/14 16:37,0.051025,
11/25/14 16:38,0.051075,
11/25/14 16:39,0.051718,
11/25/14 16:40,0.052638,
11/25/14 16:41,0.052258,
11/25/14 16:42,0.052216,
11/25/14 16:43,0.053458,
11/25/14 16:44,0.058181,
11/25/14 16:45,0.05612,
11/25/14 16:46,0.054734,
11/25/14 16:47,0.054117,
11/25/14 16:48,0.052486,
11/25/14 16:49,0.051802,
11/25/14 16:50,0.051388,
11/25/14 16:51,0.050585,
11/25/14 16:52,0.050678,
11/25/14 16:53,0.050754,
11/25/14 16:54,0.050847,
11/25/14 16:55,0.050594,
11/25/14 16:56,0.050771,
11/25/14 16:57,0.052275,
11/25/14 16:58,0.05241,
11/25/14 16:59,0.051396,
11/25/14 17:00,0.050256,0
11/25/14 17:01,0.0498,
11/25/14 17:02,0.049217,
11/25/14 17:03,0.049419,
11/25/14 17:04,0.051371,
11/25/14 17:05,0.049952,
11/25/14 17:06,0.048422,
11/25/14 17:07,0.04789,
11/25/14 17:08,0.047746,
11/25/14 17:09,0.047358,
11/25/14 17:10,0.047214,
11/25/14 17:11,0.046428,
11/25/14 17:12,0.046217,
11/25/14 17:13,0.046614,
11/25/14 17:14,0.046116,
11/25/14 17:15,0.04593,
11/25/14 17:16,0.045972,
11/25/14 17:17,0.045778,
11/25/14 17:18,0.045499,
11/25/14 17:19,0.045262,
11/25/14 17:20,0.045085,
11/25/14 17:21,0.044806,
11/25/14 17:22,0.044747,
11/25/14 17:23,0.044865,
11/25/14 17:24,0.044941,
11/25/14 17:25,0.044646,
11/25/14 17:26,0.045321,
11/25/14 17:27,0.044916,
11/25/14 17:28,0.044451,
11/25/14 17:29,0.044536,
11/25/14 17:30,0.044646,
11/25/14 17:31,0.044629,
11/25/14 17:32,0.044468,
11/25/14 17:33,0.044409,
11/25/14 17:34,0.044215,
11/25/14 17:35,0.044172,
11/25/14 17:36,0.04402,
11/25/14 17:37,0.043953,
11/25/14 17:38,0.043868,
11/25/14 17:39,0.043877,
11/25/14 17:40,0.045085,
11/25/14 17:41,0.045482,
11/25/14 17:42,0.044815,
11/25/14 17:43,0.044206,
11/25/14 17:44,0.04397,
11/25/14 17:45,0.043792,
11/25/14 17:46,0.043716,
11/25/14 17:47,0.043682,
11/25/14 17:48,0.043894,
11/25/14 17:49,0.043699,
11/25/14 17:50,0.043868,
11/25/14 17:51,0.043733,
11/25/14 17:52,0.04353,
11/25/14 17:53,0.04348,
11/25/14 17:54,0.043437,
11/25/14 17:55,0.043353,
11/25/14 17:56,0.04326,
11/25/14 17:57,0.043218,
11/25/14 17:58,0.04304,
11/25/14 17:59,0.043235,
11/25/14 18:00,0.043294,0
11/25/14 18:01,0.043184,
11/25/14 18:02,0.043344,
11/25/14 18:03,0.043226,
11/25/14 18:04,0.043108,
11/25/14 18:05,0.043251,
11/25/14 18:06,0.043327,
11/25/14 18:07,0.043463,
11/25/14 18:08,0.04342,
11/25/14 18:09,0.043251,
11/25/14 18:10,0.043175,
11/25/14 18:11,0.043285,
11/25/14 18:12,0.043319,
11/25/14 18:13,0.043294,
11/25/14 18:14,0.043606,
11/25/14 18:15,0.043387,
11/25/14 18:16,0.043082,
11/25/14 18:17,0.043057,
11/25/14 18:18,0.043226,
11/25/14 18:19,0.043404,
11/25/14 18:20,0.043294,
11/25/14 18:21,0.043158,
11/25/14 18:22,0.043006,
11/25/14 18:23,0.043158,
11/25/14 18:24,0.043066,
11/25/14 18:25,0.043192,
11/25/14 18:26,0.042947,
11/25/14 18:27,0.043125,
11/25/14 18:28,0.04304,
11/25/14 18:29,0.042863,
11/25/14 18:30,0.042897,
11/25/14 18:31,0.042787,
11/25/14 18:32,0.042837,
11/25/14 18:33,0.042846,
11/25/14 18:34,0.04288,
11/25/14 18:35,0.042905,
11/25/14 18:36,0.04277,
11/25/14 18:37,0.042626,
11/25/14 18:38,0.042347,
11/25/14 18:39,0.04228,
11/25/14 18:40,0.042415,
11/25/14 18:41,0.042373,
11/25/14 18:42,0.042339,
11/25/14 18:43,0.042652,
11/25/14 18:44,0.042398,
11/25/14 18:45,0.042271,
11/25/14 18:46,0.042474,
11/25/14 18:47,0.042263,
11/25/14 18:48,0.042542,
11/25/14 18:49,0.042567,
11/25/14 18:50,0.042263,
11/25/14 18:51,0.042187,
11/25/14 18:52,0.042178,
11/25/14 18:53,0.04217,
11/25/14 18:54,0.042204,
11/25/14 18:55,0.042254,
11/25/14 18:56,0.042009,
11/25/14 18:57,0.042119,
11/25/14 18:58,0.042111,
11/25/14 18:59,0.042102,
11/25/14 19:00,0.042212,0
11/25/14 19:01,0.042263,
11/25/14 19:02,0.042069,
11/25/14 19:03,0.041984,
11/25/14 19:04,0.041925,
11/25/14 19:05,0.042491,
11/25/14 19:06,0.042728,
11/25/14 19:07,0.042491,
11/25/14 19:08,0.042254,
11/25/14 19:09,0.04244,
11/25/14 19:10,0.042347,
11/25/14 19:11,0.042297,
11/25/14 19:12,0.042145,
11/25/14 19:13,0.042195,
11/25/14 19:14,0.042204,
11/25/14 19:15,0.041976,
11/25/14 19:16,0.04206,
11/25/14 19:17,0.041908,
11/25/14 19:18,0.04195,
11/25/14 19:19,0.041764,
11/25/14 19:20,0.04184,
11/25/14 19:21,0.041807,
11/25/14 19:22,0.041849,
11/25/14 19:23,0.042271,
11/25/14 19:24,0.042246,
11/25/14 19:25,0.04228,
11/25/14 19:26,0.04239,
11/25/14 19:27,0.042271,
11/25/14 19:28,0.042483,
11/25/14 19:29,0.042254,
11/25/14 19:30,0.041959,
11/25/14 19:31,0.041731,
11/25/14 19:32,0.041714,
11/25/14 19:33,0.041621,
11/25/14 19:34,0.041511,
11/25/14 19:35,0.041671,
11/25/14 19:36,0.041857,
11/25/14 19:37,0.042026,
11/25/14 19:38,0.042271,
11/25/14 19:39,0.042618,
11/26/14 0:23,0.595592,
11/26/14 0:24,0.376623,
11/26/14 0:25,0.454389,
11/26/14 0:26,0.134359,
11/26/14 0:27,0.086469,
11/26/14 0:28,0.070973,
11/26/14 0:29,0.063775,
11/26/14 0:30,0.056863,
11/26/14 0:31,0.053999,
11/26/14 0:32,0.059449,
11/26/14 0:33,0.062575,
11/26/14 0:34,0.058874,
11/26/14 0:35,0.060268,
11/26/14 0:36,0.056779,
11/26/14 0:37,0.057598,
11/26/14 0:38,0.054683,
11/26/14 0:39,0.063166,
11/26/14 0:40,0.068346,
11/26/14 0:41,0.063597,
11/26/14 0:42,0.059956,
11/26/14 0:43,0.056542,
11/26/14 0:44,0.054083,
11/26/14 0:45,0.052782,
11/26/14 0:46,0.050966,
11/26/14 0:47,0.050214,
11/26/14 0:48,0.049749,
11/26/14 0:49,0.049673,
11/26/14 0:50,0.049191,
11/26/14 0:51,0.048558,
11/26/14 0:52,0.047975,
11/26/14 0:53,0.047746,
11/26/14 0:54,0.04778,
11/26/14 0:55,0.047223,
11/26/14 0:56,0.047231,
11/26/14 0:57,0.046893,
11/26/14 0:58,0.046538,
11/26/14 0:59,0.046031,
11/26/14 1:00,0.046099,0
11/26/14 1:01,0.045812,
11/26/14 1:02,0.045828,
11/26/14 1:03,0.045423,
11/26/14 1:04,0.045355,
11/26/14 1:05,0.045026,
11/26/14 1:06,0.044823,
11/26/14 1:07,0.04462,
11/26/14 1:08,0.044358,
11/26/14 1:09,0.044122,
11/26/14 1:10,0.043987,
11/26/14 1:11,0.04386,
11/26/14 1:12,0.043792,
11/26/14 1:13,0.04353,
11/26/14 1:14,0.043598,
11/26/14 1:15,0.043606,
11/26/14 1:16,0.043573,
11/26/14 1:17,0.043471,
11/26/14 1:18,0.043319,
11/26/14 1:19,0.043387,
11/26/14 1:20,0.043158,
11/26/14 1:21,0.043023,
11/26/14 1:22,0.043175,
11/26/14 1:23,0.043556,
11/26/14 1:24,0.043268,
11/26/14 1:25,0.043125,
11/26/14 1:26,0.042837,
11/26/14 1:27,0.042635,
11/26/14 1:28,0.042753,
11/26/14 1:29,0.042719,
11/26/14 1:30,0.042778,
11/26/14 1:31,0.042753,
11/26/14 1:32,0.042668,
11/26/14 1:33,0.042728,
11/26/14 1:34,0.042584,
11/26/14 1:35,0.04244,
11/26/14 1:36,0.042356,
11/26/14 1:37,0.04239,
11/26/14 1:38,0.042407,
11/26/14 1:39,0.042212,
11/26/14 1:40,0.042347,
11/26/14 1:41,0.042238,
11/26/14 1:42,0.042474,
11/26/14 1:43,0.042288,
11/26/14 1:44,0.042221,
11/26/14 1:45,0.042102,
11/26/14 1:46,0.042204,
11/26/14 1:47,0.042161,
11/26/14 1:48,0.04217,
11/26/14 1:49,0.042161,
11/26/14 1:50,0.042043,
11/26/14 1:51,0.04184,
11/26/14 1:52,0.04195,
11/26/14 1:53,0.042001,
11/26/14 1:54,0.042145,
11/26/14 1:55,0.041933,
11/26/14 1:56,0.042018,
11/26/14 1:57,0.0419,
11/26/14 1:58,0.04195,
11/26/14 1:59,0.042119,
11/26/14 2:00,0.042136,0
11/26/14 2:01,0.042161,
11/26/14 2:02,0.042415,
11/26/14 2:03,0.04228,
11/26/14 2:04,0.042145,
11/26/14 2:05,0.042094,
11/26/14 2:06,0.042102,
11/26/14 2:07,0.041984,
11/26/14 2:08,0.042254,
11/26/14 2:09,0.042195,
11/26/14 2:10,0.041993,
11/26/14 2:11,0.04206,
11/26/14 2:12,0.041967,
11/26/14 2:13,0.042153,
11/26/14 2:14,0.04233,
11/26/14 2:15,0.042466,
11/26/14 2:16,0.042178,
11/26/14 2:17,0.042009,
11/26/14 2:18,0.041857,
11/26/14 2:19,0.041967,
11/26/14 2:20,0.042119,
11/26/14 2:21,0.042212,
11/26/14 2:22,0.042271,
11/26/14 2:23,0.04239,
11/26/14 2:24,0.042373,
11/26/14 2:25,0.042204,
11/26/14 2:26,0.042018,
11/26/14 2:27,0.042136,
11/26/14 2:28,0.042001,
11/26/14 2:29,0.041984,
11/26/14 2:30,0.041866,
11/26/14 2:31,0.041908,
11/26/14 15:59,0.421792,
11/26/14 16:00,0.393682,0
11/26/14 16:01,0.312646,
11/26/14 16:02,0.140409,
11/26/14 16:03,0.091809,
11/26/14 16:04,0.072029,
11/26/14 16:05,0.069909,
11/26/14 16:06,0.068751,
11/26/14 16:07,0.061012,
11/26/14 16:08,0.061248,
11/26/14 16:09,0.05922,
11/26/14 16:10,0.067061,
11/26/14 16:11,0.062059,
11/26/14 16:12,0.058528,
11/26/14 16:13,0.053906,
11/26/14 16:14,0.054641,
11/26/14 16:15,0.05432,
11/26/14 16:16,0.054311,
11/26/14 16:17,0.053788,
11/26/14 16:18,0.053433,
11/26/14 16:19,0.052208,
11/26/14 16:20,0.050991,
11/26/14 16:21,0.050078,
11/26/14 16:22,0.048904,
11/26/14 16:23,0.048828,
11/26/14 16:24,0.048414,
11/26/14 16:25,0.04871,
11/26/14 16:26,0.048296,
11/26/14 16:27,0.047696,
11/26/14 16:28,0.04751,
11/26/14 16:29,0.047189,
11/26/14 16:30,0.0468,
11/26/14 16:31,0.046834,
11/26/14 16:32,0.046513,
11/26/14 16:33,0.046318,
11/26/14 16:34,0.046107,
11/26/14 16:35,0.045761,
11/26/14 16:36,0.045279,
11/26/14 16:37,0.045085,
11/26/14 16:38,0.045085,
11/26/14 16:39,0.044772,
11/26/14 16:40,0.044646,
11/26/14 16:41,0.044485,
11/26/14 16:42,0.044544,
11/26/14 16:43,0.044384,
11/26/14 16:44,0.044223,
11/26/14 16:45,0.044003,
11/26/14 16:46,0.043775,
11/26/14 16:47,0.043741,
11/26/14 16:48,0.043598,
11/26/14 16:49,0.043581,
11/26/14 16:50,0.043564,
11/26/14 16:51,0.043184,
11/26/14 16:52,0.043133,
11/26/14 16:53,0.043032,
11/26/14 16:54,0.04299,
11/26/14 16:55,0.042905,
11/26/14 16:56,0.042508,
11/26/14 16:57,0.042728,
11/26/14 16:58,0.042626,
11/26/14 16:59,0.042821,
11/26/14 17:00,0.042592,0
11/26/14 17:01,0.042508,
11/26/14 17:02,0.042457,
11/26/14 17:03,0.042584,
11/26/14 17:04,0.042508,
11/26/14 17:05,0.042297,
11/26/14 17:06,0.042407,
11/26/14 17:07,0.04239,
11/26/14 17:08,0.042398,
11/26/14 17:09,0.042347,
11/26/14 17:10,0.042356,
11/26/14 17:11,0.041967,
11/26/14 17:12,0.042145,
11/26/14 17:13,0.042136,
11/26/14 17:14,0.042077,
11/26/14 17:15,0.042102,
11/26/14 17:16,0.042018,
11/26/14 17:17,0.042178,
11/26/14 17:18,0.042111,
11/26/14 17:19,0.042128,
11/26/14 17:20,0.042238,
11/26/14 17:21,0.042161,
11/26/14 17:22,0.042187,
11/26/14 17:23,0.04217,
11/26/14 17:24,0.042271,
11/26/14 17:25,0.042026,
11/26/14 17:26,0.042018,
11/26/14 17:27,0.042187,
11/26/14 17:28,0.042195,
11/26/14 17:29,0.042069,
11/26/14 17:30,0.042238,
11/26/14 17:31,0.042263,
11/26/14 17:32,0.041984,
11/26/14 17:33,0.042052,
11/26/14 17:34,0.041993,
11/26/14 17:35,0.042136,
11/26/14 17:36,0.042077,
11/26/14 17:37,0.042035,
11/26/14 17:38,0.042052,
11/26/14 17:39,0.042119,
11/26/14 17:40,0.042001,
11/26/14 17:41,0.04217,
11/26/14 17:42,0.042305,
11/26/14 17:43,0.042305,
11/26/14 17:44,0.042238,
11/26/14 17:45,0.042077,
11/26/14 17:46,0.042128,
11/26/14 17:47,0.042128,
11/26/14 17:48,0.042035,
11/26/14 17:49,0.042052,
11/26/14 17:50,0.042119,
11/26/14 17:51,0.04206,
11/26/14 17:52,0.042229,
11/26/14 17:53,0.042102,
11/26/14 17:54,0.042128,
11/26/14 17:55,0.042035,
11/26/14 17:56,0.042187,
11/26/14 17:57,0.042043,
11/26/14 17:58,0.042145,
11/26/14 17:59,0.042229,
11/26/14 18:00,0.042263,0
11/26/14 18:01,0.042161,
11/26/14 18:02,0.042322,
11/26/14 18:03,0.042356,
11/26/14 18:04,0.04239,
11/26/14 18:05,0.042161,
11/26/14 18:06,0.042187,
11/26/14 18:07,0.042271,
11/26/14 18:08,0.042187,
11/26/14 18:09,0.042195,
11/26/14 18:10,0.042085,
11/26/14 18:11,0.042069,
11/26/14 18:12,0.042195,
11/26/14 18:13,0.042069,
11/26/14 18:14,0.042085,
11/26/14 18:15,0.042322,
11/26/14 18:16,0.042187,
11/26/14 18:17,0.04239,
11/26/14 18:18,0.043158,
11/26/14 18:19,0.043167,
11/26/14 18:20,0.042702,
11/26/14 18:21,0.052377,
11/26/14 18:22,0.050712,
11/26/14 18:23,0.04631,
11/26/14 18:24,0.04402,
11/26/14 18:25,0.043006,
11/26/14 18:26,0.042499,
11/26/14 18:27,0.042356,
11/26/14 18:28,0.042153,
11/26/14 18:29,0.042069,
11/26/14 18:30,0.042263,
11/26/14 18:31,0.042178,
11/26/14 18:32,0.042821,
11/26/14 18:33,0.043099,
11/26/14 18:34,0.042787,
11/26/14 18:35,0.042795,
11/26/14 18:36,0.042567,
11/26/14 18:37,0.042635,
11/26/14 18:38,0.042432,
11/26/14 18:39,0.042567,
11/26/14 18:40,0.042271,
11/26/14 18:41,0.043082,
11/26/14 18:42,0.043184,
11/26/14 18:43,0.042922,
11/26/14 18:44,0.043387,
11/26/14 18:45,0.043235,
11/26/14 18:46,0.043057,
11/26/14 18:47,0.044156,
11/26/14 18:48,0.044629,
11/26/14 18:49,0.045043,
11/26/14 18:50,0.045786,
11/26/14 18:51,0.045372,
11/26/14 18:52,0.045676,
11/26/14 18:53,0.044096,
11/26/14 18:54,0.04473,
11/26/14 18:55,0.04457,
11/26/14 18:56,0.044975,
11/26/14 18:57,0.04451,
11/26/14 18:58,0.04386,
11/26/14 18:59,0.043716,
11/26/14 19:00,0.043082,0
11/26/14 19:01,0.043665,
11/26/14 19:02,0.044519,
11/26/14 19:03,0.043919,
11/26/14 19:04,0.044485,
11/26/14 19:05,0.044375,
11/26/14 19:06,0.046428,
11/26/14 19:07,0.04615,
11/26/14 19:08,0.044544,
11/26/14 19:09,0.04762,
11/26/14 19:10,0.046496,
11/26/14 19:11,0.047941,
11/26/14 19:12,0.047299,
11/26/14 19:13,0.047822,
11/26/14 19:14,0.047163,
11/27/14 0:00,0.339058,0
11/27/14 0:01,0.963673,
11/27/14 0:02,0.286411,
11/27/14 0:03,0.116506,
11/27/14 0:04,0.084999,
11/27/14 0:05,0.067923,
11/27/14 0:06,0.05835,
11/27/14 0:07,0.05492,
11/27/14 0:08,0.05323,
11/27/14 0:09,0.05225,
11/27/14 0:10,0.050535,
11/27/14 0:11,0.052056,
11/27/14 0:12,0.050813,
11/27/14 0:13,0.049935,
11/27/14 0:14,0.050484,
11/27/14 0:15,0.049724,
11/27/14 0:16,0.049622,
11/27/14 0:17,0.049048,
11/27/14 0:18,0.04887,
11/27/14 0:19,0.049022,
11/27/14 0:20,0.048879,
11/27/14 0:21,0.048794,
11/27/14 0:22,0.048853,
11/27/14 0:23,0.04876,
11/27/14 0:24,0.049343,
11/27/14 0:25,0.049833,
11/27/14 0:26,0.049293,
11/27/14 0:27,0.049064,
11/27/14 0:28,0.048786,
11/27/14 0:29,0.048693,
11/27/14 0:30,0.048921,
11/27/14 0:31,0.049411,
11/27/14 0:32,0.048896,
11/27/14 0:33,0.048743,
11/27/14 0:34,0.048921,
11/27/14 0:35,0.049132,
11/27/14 0:36,0.049014,
11/27/14 0:37,0.049369,
11/27/14 0:38,0.049208,
11/27/14 0:39,0.049876,
11/27/14 0:40,0.050864,
11/27/14 0:41,0.051549,
11/27/14 0:42,0.052309,
11/27/14 0:43,0.053221,
11/27/14 0:44,0.053078,
11/27/14 0:45,0.052791,
11/27/14 0:46,0.052723,
11/27/14 0:47,0.05165,
11/27/14 0:48,0.053272,
11/27/14 0:49,0.054633,
11/27/14 0:50,0.053399,
11/27/14 0:51,0.052664,
11/27/14 0:52,0.053745,
11/27/14 0:53,0.052858,
11/27/14 0:54,0.051489,
11/27/14 0:55,0.051641,
11/27/14 0:56,0.052191,
11/27/14 0:57,0.051523,
11/27/14 0:58,0.051219,
11/27/14 0:59,0.051819,
11/27/14 1:00,0.052436,0
11/27/14 1:01,0.051794,
11/27/14 1:02,0.050906,
11/27/14 1:03,0.05263,
11/27/14 1:04,0.053779,
11/27/14 1:05,0.052824,
11/27/14 1:06,0.051456,
11/27/14 1:07,0.051008,
11/27/14 1:08,0.050721,
11/27/14 1:09,0.051633,
11/27/14 1:10,0.051633,
11/27/14 1:11,0.051143,
11/27/14 1:12,0.052486,
11/27/14 1:13,0.051988,
11/27/14 1:14,0.050704,
11/27/14 1:15,0.051261,
11/27/14 1:16,0.051337,
11/27/14 1:17,0.051304,
11/27/14 1:18,0.050501,
11/27/14 1:19,0.049926,
11/27/14 1:20,0.05029,
11/27/14 1:21,0.050737,
11/27/14 1:22,0.051168,
11/27/14 1:23,0.05127,
11/27/14 1:24,0.049935,
11/27/14 1:25,0.05094,
11/27/14 1:26,0.052689,
11/27/14 1:27,0.052943,
11/27/14 1:28,0.052571,
11/27/14 1:29,0.051996,
11/27/14 1:30,0.051861,
11/27/14 1:31,0.052385,
11/27/14 1:32,0.052689,
11/27/14 1:33,0.051075,
11/27/14 1:34,0.050712,
11/27/14 1:35,0.050957,
11/27/14 1:36,0.050873,
11/27/14 1:37,0.051844,
11/27/14 1:38,0.051777,
11/27/14 1:39,0.050873,
11/27/14 1:40,0.051101,
11/27/14 1:41,0.051185,
11/27/14 1:42,0.051667,
11/27/14 1:43,0.052571,
11/27/14 1:44,0.052461,
11/27/14 1:45,0.053154,
11/27/14 1:46,0.052782,
11/27/14 1:47,0.052267,
11/27/14 1:48,0.053703,
11/27/14 1:49,0.054218,
11/27/14 1:50,0.053804,
11/27/14 1:51,0.054633,
11/27/14 1:52,0.055841,
11/27/14 1:53,0.054142,
11/27/14 1:54,0.054075,
11/27/14 1:55,0.055047,
11/27/14 1:56,0.056213,
11/27/14 1:57,0.056872,
11/27/14 1:58,0.055866,
11/27/14 1:59,0.055325,
11/27/14 2:00,0.056027,0
11/27/14 2:01,0.055165,
11/27/14 2:02,0.055182,
11/27/14 2:03,0.054692,
11/27/14 2:04,0.054455,
11/27/14 2:05,0.057404,
11/27/14 2:06,0.056964,
11/27/14 2:07,0.055131,
11/27/14 2:08,0.055308,
11/27/14 2:09,0.055714,
11/27/14 2:10,0.055351,
11/27/14 2:11,0.054235,
11/27/14 2:12,0.054903,
11/27/14 2:13,0.054235,
11/27/14 2:14,0.055063,
11/27/14 2:15,0.057362,
11/27/14 2:16,0.055782,
11/27/14 2:17,0.054894,
11/27/14 16:10,0.563342,
11/27/14 16:11,0.589957,
11/27/14 16:12,0.561863,
11/27/14 16:13,0.148579,
11/27/14 16:14,0.093626,
11/27/14 16:15,0.073584,
11/27/14 16:16,0.063284,
11/27/14 16:17,0.057818,
11/27/14 16:18,0.05405,
11/27/14 16:19,0.052351,
11/27/14 16:20,0.051177,
11/27/14 16:21,0.050898,
11/27/14 16:22,0.05132,
11/27/14 16:23,0.051641,
11/27/14 16:24,0.05127,
11/27/14 16:25,0.052309,
11/27/14 16:26,0.053534,
11/27/14 16:27,0.058942,
11/27/14 16:28,0.056888,
11/27/14 16:29,0.054556,
11/27/14 16:30,0.053255,
11/27/14 16:31,0.051295,
11/27/14 16:32,0.050873,
11/27/14 16:33,0.049521,
11/27/14 16:34,0.048735,
11/27/14 16:35,0.048034,
11/27/14 16:36,0.047417,
11/27/14 16:37,0.047358,
11/27/14 16:38,0.047113,
11/27/14 16:39,0.046859,
11/27/14 16:40,0.04631,
11/27/14 16:41,0.046234,
11/27/14 16:42,0.046352,
11/27/14 16:43,0.046293,
11/27/14 16:44,0.046141,
11/27/14 16:45,0.045693,
11/27/14 16:46,0.045786,
11/27/14 16:47,0.045186,
11/27/14 16:48,0.044967,
11/27/14 16:49,0.044924,
11/27/14 16:50,0.044806,
11/27/14 16:51,0.044654,
11/27/14 16:52,0.04457,
11/27/14 16:53,0.044198,
11/27/14 16:54,0.044079,
11/27/14 16:55,0.044071,
11/27/14 16:56,0.043792,
11/27/14 16:57,0.043699,
11/27/14 16:58,0.043589,
11/27/14 16:59,0.043665,
11/27/14 17:00,0.043395,0
11/27/14 17:01,0.043463,
11/27/14 17:02,0.043302,
11/27/14 17:03,0.043277,
11/27/14 17:04,0.043175,
11/27/14 17:05,0.043108,
11/27/14 17:06,0.043066,
11/27/14 17:07,0.042863,
11/27/14 17:08,0.043006,
11/27/14 17:09,0.042812,
11/27/14 17:10,0.043015,
11/27/14 17:11,0.043006,
11/27/14 17:12,0.042795,
11/27/14 17:13,0.043057,
11/27/14 17:14,0.043023,
11/27/14 17:15,0.042905,
11/27/14 17:16,0.042736,
11/27/14 17:17,0.042694,
11/27/14 17:18,0.042744,
11/27/14 17:19,0.042956,
11/27/14 17:20,0.042812,
11/27/14 17:21,0.042694,
11/27/14 17:22,0.042837,
11/27/14 17:23,0.042736,
11/27/14 17:24,0.042668,
11/27/14 17:25,0.04277,
11/27/14 17:26,0.042795,
11/27/14 17:27,0.042567,
11/27/14 17:28,0.042508,
11/27/14 17:29,0.042525,
11/27/14 17:30,0.042516,
11/27/14 17:31,0.042483,
11/27/14 17:32,0.04233,
11/27/14 17:33,0.042466,
11/27/14 17:34,0.042288,
11/27/14 17:35,0.042423,
11/27/14 17:36,0.042364,
11/27/14 17:37,0.042314,
11/27/14 17:38,0.04239,
11/27/14 17:39,0.042457,
11/27/14 17:40,0.04228,
11/27/14 17:41,0.042128,
11/27/14 17:42,0.042153,
11/27/14 17:43,0.042415,
11/27/14 17:44,0.042381,
11/27/14 17:45,0.04233,
11/27/14 17:46,0.042474,
11/27/14 17:47,0.042407,
11/27/14 17:48,0.042381,
11/27/14 17:49,0.042238,
11/27/14 17:50,0.042263,
11/27/14 17:51,0.042288,
11/27/14 17:52,0.042508,
11/27/14 17:53,0.042601,
11/27/14 17:54,0.042643,
11/27/14 17:55,0.042677,
11/27/14 17:56,0.042618,
11/27/14 17:57,0.04255,
11/27/14 17:58,0.042423,
11/27/14 17:59,0.042584,
11/27/14 18:00,0.042677,0
11/27/14 18:01,0.042592,
11/27/14 18:02,0.042753,
11/27/14 18:03,0.042871,
11/27/14 18:04,0.042685,
11/27/14 18:05,0.042635,
11/27/14 18:06,0.042567,
11/27/14 18:07,0.042491,
11/27/14 18:08,0.042499,
11/27/14 18:09,0.042483,
11/27/14 18:10,0.042635,
11/27/14 18:11,0.042525,
11/27/14 18:12,0.042863,
11/27/14 18:13,0.042677,
11/27/14 18:14,0.042533,
11/27/14 18:15,0.042508,
11/27/14 18:16,0.042364,
11/27/14 18:17,0.042449,
11/27/14 18:18,0.042407,
11/27/14 18:19,0.042432,
11/27/14 18:20,0.042542,
11/27/14 18:21,0.042677,
11/27/14 18:22,0.042677,
11/27/14 18:23,0.04266,
11/27/14 18:24,0.042626,
11/27/14 18:25,0.042685,
11/27/14 18:26,0.042364,
11/27/14 18:27,0.042567,
11/27/14 18:28,0.042592,
11/27/14 18:29,0.042601,
11/27/14 18:30,0.042626,
11/27/14 18:31,0.042618,
11/27/14 18:32,0.042736,
11/27/14 18:33,0.042804,
11/27/14 18:34,0.042854,
11/27/14 18:35,0.042922,
11/27/14 18:36,0.043167,
11/27/14 18:37,0.043361,
11/27/14 18:38,0.043066,
11/27/14 18:39,0.043201,
11/27/14 18:40,0.043192,
11/27/14 18:41,0.043235,
11/27/14 18:42,0.042922,
11/27/14 18:43,0.042787,
11/27/14 18:44,0.042871,
11/27/14 18:45,0.042854,
11/27/14 18:46,0.042761,
11/27/14 18:47,0.042753,
11/27/14 18:48,0.042829,
11/27/14 18:49,0.042863,
11/27/14 18:50,0.042846,
11/27/14 18:51,0.042795,
11/27/14 18:52,0.042821,
11/27/14 18:53,0.043412,
11/27/14 18:54,0.04348,
11/27/14 18:55,0.043682,
11/27/14 18:56,0.043243,
11/27/14 18:57,0.043006,
11/27/14 18:58,0.042913,
11/27/14 18:59,0.043243,
11/27/14 19:00,0.043006,0
11/27/14 19:01,0.042964,
11/27/14 19:02,0.042652,
11/27/14 19:03,0.042626,
11/27/14 19:04,0.042584,
11/27/14 19:05,0.042998,
11/27/14 19:06,0.043057,
11/27/14 19:07,0.043175,
11/27/14 19:08,0.043099,
11/27/14 19:09,0.043091,
11/27/14 19:10,0.04397,
11/27/14 19:11,0.04326,
11/27/14 19:12,0.043209,
11/27/14 19:13,0.043454,
11/27/14 19:14,0.044485,
11/27/14 19:15,0.043691,
11/27/14 19:16,0.043598,
11/27/14 19:17,0.043049,
11/27/14 19:18,0.043032,
11/27/14 19:19,0.043429,
11/27/14 19:20,0.043463,
11/27/14 19:21,0.04342,
11/27/14 19:22,0.043446,
11/27/14 19:23,0.043412,
11/28/14 0:05,0.330203,
11/28/14 0:06,0.750796,
11/28/14 0:07,0.213638,
11/28/14 0:08,0.108479,
11/28/14 0:09,0.075164,
11/28/14 0:10,0.061003,
11/28/14 0:11,0.05399,
11/28/14 0:12,0.050307,
11/28/14 0:13,0.049605,
11/28/14 0:14,0.048355,
11/28/14 0:15,0.04767,
11/28/14 0:16,0.049081,
11/28/14 0:17,0.050095,
11/28/14 0:18,0.049985,
11/28/14 0:19,0.051287,
11/28/14 0:20,0.049994,
11/28/14 0:21,0.04827,
11/28/14 0:22,0.047223,
11/28/14 0:23,0.0474,
11/28/14 0:24,0.046631,
11/28/14 0:25,0.045786,
11/28/14 0:26,0.045575,
11/28/14 0:27,0.045744,
11/28/14 0:28,0.045482,
11/28/14 0:29,0.045685,
11/28/14 0:30,0.04522,
11/28/14 0:31,0.04495,
11/28/14 0:32,0.044924,
11/28/14 0:33,0.044831,
11/28/14 0:34,0.044493,
11/28/14 0:35,0.044384,
11/28/14 0:36,0.044485,
11/28/14 0:37,0.044384,
11/28/14 0:38,0.044688,
11/28/14 0:39,0.04457,
11/28/14 0:40,0.044536,
11/28/14 0:41,0.044037,
11/28/14 0:42,0.043741,
11/28/14 0:43,0.043488,
11/28/14 0:44,0.043522,
11/28/14 0:45,0.043665,
11/28/14 0:46,0.043429,
11/28/14 0:47,0.043133,
11/28/14 0:48,0.043125,
11/28/14 0:49,0.04326,
11/28/14 0:50,0.043192,
11/28/14 0:51,0.04315,
11/28/14 0:52,0.043192,
11/28/14 0:53,0.043243,
11/28/14 0:54,0.043032,
11/28/14 0:55,0.042897,
11/28/14 0:56,0.042913,
11/28/14 0:57,0.042888,
11/28/14 0:58,0.04293,
11/28/14 0:59,0.042998,
11/28/14 1:00,0.04337,0
11/28/14 1:01,0.043767,
11/28/14 1:02,0.043936,
11/28/14 1:03,0.04386,
11/28/14 1:04,0.043513,
11/28/14 1:05,0.043733,
11/28/14 1:06,0.043708,
11/28/14 1:07,0.043581,
11/28/14 1:08,0.043454,
11/28/14 1:09,0.043708,
11/28/14 1:10,0.043851,
11/28/14 1:11,0.043496,
11/28/14 1:12,0.044189,
11/28/14 1:13,0.044992,
11/28/14 1:14,0.044536,
11/28/14 1:15,0.04424,
11/28/14 1:16,0.045626,
11/28/14 1:17,0.046733,
11/28/14 1:18,0.046192,
11/28/14 1:19,0.045465,
11/28/14 1:20,0.045068,
11/28/14 1:21,0.045076,
11/28/14 1:22,0.045347,
11/28/14 1:23,0.04544,
11/28/14 1:24,0.044992,
11/28/14 1:25,0.045229,
11/28/14 1:26,0.044595,
11/28/14 1:27,0.04462,
11/28/14 1:28,0.044671,
11/28/14 1:29,0.044519,
11/28/14 1:30,0.044384,
11/28/14 1:31,0.044392,
11/28/14 1:32,0.044156,
11/28/14 1:33,0.044772,
11/28/14 1:34,0.044865,
11/28/14 1:35,0.044696,
11/28/14 1:36,0.044358,
11/28/14 1:37,0.044054,
11/28/14 1:38,0.044071,
11/28/14 1:39,0.044282,
11/28/14 1:40,0.044341,
11/28/14 1:41,0.044232,
11/28/14 1:42,0.044333,
11/28/14 1:43,0.044003,
11/28/14 1:44,0.044646,
11/28/14 1:45,0.044341,
11/28/14 1:46,0.044223,
11/28/14 1:47,0.044417,
11/28/14 1:48,0.045778,
11/28/14 1:49,0.046471,
11/28/14 1:50,0.046116,
11/28/14 1:51,0.045854,
11/28/14 1:52,0.046192,
11/28/14 1:53,0.046133,
11/28/14 1:54,0.045448,
11/28/14 1:55,0.045313,
11/28/14 1:56,0.044831,
11/28/14 1:57,0.045068,
11/28/14 1:58,0.045296,
11/28/14 1:59,0.045964,
11/28/14 2:00,0.046276,0
11/28/14 2:01,0.045997,
11/28/14 2:02,0.045981,
11/28/14 2:03,0.045178,
11/28/14 2:04,0.044865,
11/28/14 2:05,0.044933,
11/28/14 2:06,0.045186,
11/28/14 2:07,0.04593,
11/28/14 2:08,0.045474,
11/28/14 2:09,0.045161,
11/28/14 2:10,0.044865,
11/28/14 2:11,0.044198,
11/28/14 2:12,0.044088,
11/28/14 2:13,0.044308,
11/28/14 2:14,0.044975,
11/28/14 2:15,0.044637,
11/28/14 2:16,0.045102,
11/28/14 2:17,0.04609,
11/28/14 2:18,0.046335,
11/28/14 2:19,0.046623,
11/28/14 13:47,0.33262,
11/28/14 13:48,2.113457,
11/28/14 13:49,0.311936,
11/28/14 13:50,0.130304,
11/28/14 13:51,0.071615,
11/28/14 13:52,0.05944,
11/28/14 13:53,0.055156,
11/28/14 13:54,0.052292,
11/28/14 13:55,0.051126,
11/28/14 13:56,0.051227,
11/28/14 13:57,0.051996,
11/28/14 13:58,0.052089,
11/28/14 13:59,0.051532,
11/28/14 14:00,0.051506,0
11/28/14 14:01,0.050171,
11/28/14 14:02,0.050061,
11/28/14 14:03,0.049647,
11/28/14 14:04,0.052148,
11/28/14 14:05,0.051515,
11/28/14 14:06,0.050568,
11/28/14 14:07,0.049909,
11/28/14 14:08,0.049352,
11/28/14 14:09,0.048693,
11/28/14 14:10,0.048363,
11/28/14 14:11,0.048532,
11/28/14 14:12,0.048642,
11/28/14 14:13,0.048828,
11/28/14 14:14,0.048912,
11/28/14 14:15,0.048414,
11/28/14 14:16,0.04849,
11/28/14 14:17,0.048363,
11/28/14 14:18,0.048211,
11/28/14 14:19,0.047991,
11/28/14 14:20,0.048067,
11/28/14 14:21,0.047848,
11/28/14 14:22,0.047831,
11/28/14 14:23,0.047653,
11/28/14 14:24,0.047586,
11/28/14 14:25,0.047518,
11/28/14 14:26,0.047451,
11/28/14 14:27,0.047206,
11/28/14 14:28,0.047231,
11/28/14 14:29,0.046944,
11/28/14 14:30,0.047003,
11/28/14 14:31,0.04702,
11/28/14 14:32,0.046809,
11/28/14 14:33,0.046775,
11/28/14 14:34,0.046699,
11/28/14 14:35,0.046724,
11/28/14 14:36,0.046716,
11/28/14 14:37,0.046479,
11/28/14 14:38,0.046395,
11/28/14 14:39,0.046251,
11/28/14 14:40,0.046141,
11/28/14 14:41,0.046335,
11/28/14 14:42,0.046352,
11/28/14 14:43,0.046302,
11/28/14 14:44,0.046133,
11/30/14 19:56,0.622266,
11/30/14 19:57,0.322438,
11/30/14 19:58,1.103786,
11/30/14 19:59,0.543478,
11/30/14 20:00,0.262753,0
11/30/14 20:01,0.156386,
11/30/14 20:02,0.122919,
11/30/14 20:03,0.101441,
11/30/14 20:04,0.628054,
11/30/14 20:05,0.519212,
11/30/14 20:06,0.32406,
11/30/14 20:07,0.218775,
11/30/14 20:08,0.148757,
11/30/14 20:09,0.105801,
11/30/14 20:10,0.083267,
11/30/14 20:11,0.074057,
11/30/14 20:12,0.066842,
11/30/14 20:13,0.06249,
11/30/14 20:14,0.060437,
11/30/14 20:15,0.060437,
11/30/14 20:16,0.059144,
11/30/14 20:17,0.056246,
11/30/14 20:18,0.054624,
11/30/14 20:19,0.054193,
11/30/14 20:20,0.053872,
11/30/14 20:21,0.052672,
11/30/14 20:22,0.053129,
11/30/14 20:23,0.053745,
11/30/14 20:24,0.053914,
11/30/14 20:25,0.054159,
11/30/14 20:26,0.055325,
11/30/14 20:27,0.055038,
11/30/14 20:28,0.055798,
11/30/14 20:29,0.055621,
11/30/14 20:30,0.055249,
11/30/14 20:31,0.054624,
11/30/14 20:32,0.054168,
11/30/14 20:33,0.054531,
11/30/14 20:34,0.054396,
11/30/14 20:35,0.05448,
11/30/14 20:36,0.053771,
11/30/14 20:37,0.053314,
11/30/14 20:38,0.052892,
11/30/14 20:39,0.052461,
11/30/14 20:40,0.052706,
11/30/14 20:41,0.052774,
11/30/14 20:42,0.052824,
11/30/14 20:43,0.052867,
11/30/14 20:44,0.052976,
11/30/14 20:45,0.052182,
11/30/14 20:46,0.051515,
11/30/14 20:47,0.051853,
11/30/14 20:48,0.051481,
11/30/14 20:49,0.050957,
11/30/14 20:50,0.050484,
11/30/14 20:51,0.050932,
11/30/14 20:52,0.051929,
11/30/14 20:53,0.052478,
11/30/14 20:54,0.052089,
11/30/14 20:55,0.051549,
11/30/14 20:56,0.050737,
11/30/14 20:57,0.050391,
11/30/14 20:58,0.050442,
11/30/14 20:59,0.050805,
11/30/14 21:00,0.050746,0
11/30/14 21:01,0.050442,
12/4/14 13:18,0.587675,
12/4/14 13:19,0.394611,
12/4/14 13:23,0.193537,
12/4/14 13:24,0.13779,
12/4/14 13:25,0.104871,
12/4/14 13:26,0.091006,
12/4/14 13:27,0.152136,
12/4/14 13:28,0.106882,
12/4/14 13:29,0.082988,
12/4/14 13:30,0.073508,
12/4/14 13:31,0.069165,
12/4/14 13:32,0.068886,
12/4/14 13:33,0.07001,
12/4/14 13:34,0.067061,
12/4/14 13:35,0.064755,
12/4/14 13:36,0.063335,
12/4/14 13:37,0.064349,
12/4/14 13:38,0.064662,
12/4/14 13:39,0.064239,
12/4/14 13:40,0.063217,
12/4/14 13:41,0.062085,
12/4/14 13:42,0.061916,
12/4/14 13:43,0.061941,
12/4/14 13:44,0.062406,
12/4/14 13:45,0.062195,
12/4/14 13:46,0.062135,
12/4/14 13:47,0.062913,
12/4/14 13:48,0.062558,
12/4/14 13:49,0.062304,
12/4/14 13:50,0.061434,
12/4/14 13:51,0.061569,
12/4/14 13:52,0.060927,
12/4/14 13:53,0.061882,
12/4/14 13:54,0.061823,
12/4/14 13:55,0.06222,
12/4/14 13:56,0.061493,
12/4/14 13:57,0.060581,
12/4/14 13:58,0.060201,
12/4/14 13:59,0.059533,
12/4/14 14:00,0.058223,0.03
12/4/14 14:01,0.057176,
12/4/14 14:02,0.055984,
12/4/14 14:03,0.055824,
12/4/14 14:04,0.055207,
12/4/14 14:05,0.054911,
12/4/14 14:06,0.054286,
12/4/14 14:07,0.053636,
12/4/14 14:08,0.053534,
12/4/14 14:09,0.053298,
12/4/14 14:10,0.052858,
12/4/14 14:11,0.052774,
12/4/14 14:12,0.052436,
12/4/14 14:13,0.051473,
12/4/14 14:14,0.05116,
12/4/14 14:15,0.050678,
12/4/14 14:16,0.050138,
12/4/14 14:17,0.05372,
12/4/14 14:18,0.052968,
12/4/14 14:19,0.050771,
12/4/14 14:20,0.049673,
12/4/14 14:21,0.049149,
12/4/14 14:22,0.049267,
12/4/14 14:23,0.050138,
12/4/14 14:24,0.049056,
12/4/14 14:25,0.048676,
12/4/14 14:26,0.048465,
12/4/14 14:27,0.04822,
12/4/14 14:28,0.048659,
12/4/14 14:29,0.04822,
12/4/14 14:30,0.047991,
12/4/14 14:31,0.048051,
12/4/14 14:32,0.048456,
12/4/14 14:33,0.048625,
12/4/14 14:34,0.047535,
12/4/14 14:35,0.047307,
12/4/14 14:36,0.047383,
12/4/14 14:37,0.047223,
12/4/14 14:38,0.04718,
12/4/14 14:39,0.046918,
12/4/14 14:40,0.046935,
12/4/14 14:41,0.047079,
12/4/14 14:42,0.047163,
12/4/14 14:43,0.046994,
12/4/14 14:44,0.047206,
12/4/14 14:45,0.046944,
12/4/14 14:46,0.046792,
12/4/14 14:47,0.047062,
12/4/14 14:48,0.04669,
12/4/14 14:49,0.046479,
12/4/14 14:50,0.046352,
12/4/14 14:51,0.046361,
12/4/14 14:52,0.04631,
12/4/14 14:53,0.046217,
12/4/14 14:54,0.045997,
12/4/14 14:55,0.045651,
12/7/14 21:52,0.328463,
12/7/14 21:53,1.408185,
12/7/14 21:54,1.001449,
12/7/14 21:55,0.49029,
12/7/14 21:56,0.268946,
12/7/14 21:57,0.227021,
12/7/14 21:58,0.196393,
12/7/14 21:59,0.151722,
12/7/14 22:00,0.111648,0
12/7/14 22:01,0.08657,
12/7/14 22:02,0.077319,
12/7/14 22:03,0.071294,
12/7/14 22:04,0.069089,
12/7/14 22:05,0.069207,
12/7/14 22:06,0.07241,
12/7/14 22:07,0.067602,
12/7/14 22:08,0.06718,
12/7/14 22:09,0.066833,
12/7/14 22:10,0.066825,
12/7/14 22:11,0.068455,
12/7/14 22:12,0.07083,
12/7/14 22:13,0.072342,
12/7/14 22:14,0.070576,
12/7/14 22:15,0.06805,
12/7/14 22:16,0.067957,
12/7/14 22:17,0.066901,
12/7/14 22:18,0.065126,
12/7/14 22:19,0.064543,
12/7/14 22:20,0.064619,
12/7/14 22:21,0.06429,
12/7/14 22:22,0.063986,
12/7/14 22:23,0.063225,
12/7/14 22:24,0.063192,
12/7/14 22:25,0.063048,
12/7/14 22:26,0.063445,
12/7/14 22:27,0.062913,
12/7/14 22:28,0.06173,
12/7/14 22:29,0.060716,
12/7/14 22:30,0.062059,
12/7/14 22:31,0.061341,
12/7/14 22:32,0.060733,
12/7/14 22:33,0.060099,
12/7/14 22:34,0.059626,
12/7/14 22:35,0.059043,
12/7/14 22:36,0.058114,
12/7/14 22:37,0.058291,
12/7/14 22:38,0.05764,
12/7/14 22:39,0.058097,
12/7/14 22:40,0.057024,
12/7/14 22:41,0.056838,
12/7/14 22:42,0.056229,
12/7/14 22:43,0.056398,
12/7/14 22:44,0.055553,
12/7/14 22:45,0.055292,
12/7/14 22:46,0.055063,
12/7/14 22:47,0.054937,
12/7/14 22:48,0.054464,
12/7/14 22:49,0.054379,
12/7/14 22:50,0.054641,
12/7/14 22:51,0.054134,
12/7/14 22:52,0.054244,
12/7/14 22:53,0.053407,
12/7/14 22:54,0.052807,
12/7/14 22:55,0.05214,
12/7/14 22:56,0.052123,
12/7/14 22:57,0.051768,
12/7/14 22:58,0.051937,
12/7/14 22:59,0.051295,
12/7/14 23:00,0.052562,0
12/7/14 23:01,0.051946,
12/7/14 23:02,0.05127,
12/7/14 23:03,0.050915,
12/7/14 23:04,0.050543,
12/7/14 23:05,0.050492,
12/7/14 23:06,0.050366,
12/7/14 23:07,0.051718,
12/7/14 23:08,0.050729,
12/7/14 23:09,0.050383,
12/7/14 23:10,0.049656,
12/7/14 23:11,0.049217,
12/7/14 23:12,0.049132,
12/7/14 23:13,0.049859,
12/7/14 23:14,0.049428,
12/7/14 23:15,0.049132,
12/7/14 23:16,0.048845,
12/7/14 23:17,0.048727,
12/7/14 23:18,0.048524,
12/7/14 23:19,0.048794,
12/7/14 23:20,0.048431,
12/7/14 23:21,0.047983,
12/7/14 23:22,0.047932,
12/7/14 23:23,0.047848,
12/7/14 23:24,0.047941,
12/7/14 23:25,0.047789,
12/7/14 23:26,0.047484,
12/7/14 23:27,0.0474,
12/7/14 23:28,0.047797,
12/7/14 23:29,0.048093,
12/7/14 23:30,0.047772,
12/7/14 23:31,0.047577,
12/7/14 23:32,0.047738,
12/7/14 23:33,0.04762,
12/7/14 23:34,0.047975,
12/7/14 23:35,0.047839,
12/7/14 23:36,0.04822,
12/7/14 23:37,0.048025,
12/7/14 23:38,0.047713,
12/7/14 23:39,0.047535,
12/7/14 23:40,0.0474,
12/7/14 23:41,0.046994,
12/7/14 23:42,0.046834,
12/7/14 23:43,0.046462,
12/7/14 23:44,0.046749,
12/7/14 23:45,0.04642,
12/7/14 23:46,0.046073,
12/7/14 23:47,0.046048,
12/7/14 23:48,0.04609,
12/8/14 8:28,0.587016,
12/8/14 8:29,0.330533,
12/8/14 8:30,0.276787,
12/8/14 8:31,0.124879,
12/8/14 8:32,0.101602,
12/8/14 8:33,0.092333,
12/8/14 8:34,0.08091,
12/8/14 8:35,0.072629,
12/8/14 8:36,0.064476,
12/8/14 8:37,0.059702,
12/8/14 8:38,0.058975,
12/8/14 8:39,0.063369,
12/8/14 8:40,0.064586,
12/8/14 8:41,0.0608,
12/8/14 8:42,0.057167,
12/8/14 8:43,0.058697,
12/8/14 8:44,0.058198,
12/8/14 8:45,0.058232,
12/8/14 8:46,0.064484,
12/8/14 8:47,0.060555,
12/8/14 8:48,0.057632,
12/8/14 8:49,0.056686,
12/8/14 8:50,0.05666,
12/8/14 8:51,0.055401,
12/8/14 8:52,0.055731,
12/8/14 8:53,0.054818,
12/8/14 8:54,0.053923,
12/8/14 8:55,0.053593,
12/8/14 8:56,0.05345,
12/8/14 8:57,0.0529,
12/10/14 10:32,0.539507,
12/10/14 10:33,0.511278,
12/10/14 10:34,0.379039,
12/10/14 10:35,0.329164,
12/10/14 10:36,0.44153,
12/10/14 10:37,0.10853,
12/10/14 10:38,0.08581,
12/10/14 10:39,0.080681,
12/10/14 10:40,0.068498,
12/10/14 10:41,0.066267,
12/10/14 10:42,0.061662,
12/10/14 10:43,0.060437,
12/10/14 10:44,0.058392,
12/10/14 10:45,0.058333,
12/10/14 10:46,0.05617,
12/10/14 10:47,0.054962,
12/10/14 10:48,0.056643,
12/10/14 10:49,0.056339,
12/10/14 10:50,0.057024,
12/10/14 10:51,0.05612,
12/10/14 10:52,0.05819,
12/10/14 10:53,0.060809,
12/10/14 10:54,0.060657,
12/10/14 10:55,0.058705,
12/10/14 10:56,0.057497,
12/10/14 10:57,0.056939,
12/10/14 10:58,0.057091,
12/10/14 10:59,0.057218,
12/10/14 11:00,0.056669,0
12/10/14 11:01,0.057615,
12/10/14 11:02,0.058198,
12/10/14 11:03,0.058891,
12/10/14 11:04,0.057471,
12/10/14 11:05,0.056745,
12/10/14 11:06,0.058097,
12/10/14 11:07,0.057674,
12/10/14 11:08,0.059271,
12/10/14 11:09,0.058477,
12/10/14 11:10,0.058249,
12/10/14 11:11,0.058122,
12/10/14 11:12,0.057446,
12/10/14 11:13,0.056449,
12/14/14 3:37,0.605554,
12/14/14 3:38,0.44376,
12/14/14 3:39,1.485191,
12/14/14 3:40,0.792323,
12/14/14 3:41,0.413968,
12/14/14 3:42,0.269926,
12/14/14 3:43,0.178836,
12/14/14 3:44,0.132804,
12/14/14 3:45,0.103224,
12/14/14 3:46,0.087965,
12/14/14 3:47,0.084568,
12/14/14 3:48,0.081915,
12/14/14 3:49,0.090111,
12/14/14 3:50,0.091285,
12/14/14 3:51,0.088362,
12/14/14 3:52,0.0808,
12/14/14 3:53,0.080183,
12/14/14 3:54,0.079237,
12/14/14 3:55,0.078189,
12/14/14 3:56,0.098146,
12/14/14 3:57,0.086706,
12/14/14 3:58,0.080149,
12/14/14 3:59,0.076837,
12/14/14 4:00,0.077766,0
12/14/14 4:01,0.077412,
12/14/14 4:02,0.077572,
12/14/14 4:03,0.075409,
12/14/14 4:04,0.074826,
12/14/14 4:05,0.073846,
12/14/14 4:06,0.073795,
12/14/14 4:07,0.073956,
12/14/14 4:08,0.076998,
12/14/14 4:09,0.076313,
12/14/14 4:10,0.075485,
12/14/14 4:11,0.074302,
12/14/14 4:12,0.073424,
12/14/14 4:13,0.07257,
12/14/14 4:14,0.070813,
12/14/14 4:15,0.070035,
12/14/14 4:16,0.070576,
12/14/14 4:17,0.068895,
12/14/14 4:18,0.068878,
12/14/14 4:19,0.068075,
12/14/14 4:20,0.067087,
12/14/14 4:21,0.067104,
12/14/14 4:22,0.066149,
12/14/14 4:23,0.066098,
12/14/14 4:24,0.064087,
12/14/14 4:25,0.063682,
12/14/14 4:26,0.063791,
12/14/14 4:27,0.063293,
12/14/14 4:28,0.063513,
12/14/14 4:29,0.061916,
12/14/14 4:30,0.060843,
12/14/14 4:31,0.059753,
12/14/14 4:32,0.058739,
12/14/14 4:33,0.058587,
12/14/14 4:34,0.058621,
12/14/14 4:35,0.058578,
12/14/14 4:36,0.058316,
12/14/14 4:37,0.05797,
12/14/14 4:38,0.057083,
12/14/14 4:39,0.0565,
12/14/14 4:40,0.056348,
12/14/14 4:41,0.056922,
12/14/14 4:42,0.057117,
12/14/14 4:43,0.057074,
12/14/14 4:44,0.055984,
12/14/14 4:45,0.055824,
12/14/14 4:46,0.055697,
12/14/14 4:47,0.056339,
12/14/14 4:48,0.056365,
12/14/14 4:49,0.055722,
12/14/14 4:50,0.055089,
12/14/14 4:51,0.05459,
12/14/14 4:52,0.054531,
12/14/14 4:53,0.054202,
12/14/14 4:54,0.05399,
12/14/14 4:55,0.054362,
12/14/14 4:56,0.054168,
12/14/14 4:57,0.054083,
12/14/14 4:58,0.054852,
12/14/14 4:59,0.054599,
12/14/14 5:00,0.053914,0
12/14/14 5:01,0.053357,
12/14/14 5:02,0.053585,
12/14/14 5:03,0.0529,
12/14/14 5:04,0.05241,
12/14/14 5:05,0.052655,
12/14/14 5:06,0.05372,
12/14/14 5:07,0.052943,
12/14/14 5:08,0.052968,
12/14/14 5:09,0.05247,
12/14/14 5:10,0.052275,
12/14/14 5:11,0.052943,
12/14/14 5:12,0.052605,
12/14/14 5:13,0.052647,
12/14/14 5:14,0.052436,
12/14/14 5:15,0.05285,
12/14/14 5:16,0.05247,
12/14/14 5:17,0.051726,
12/14/14 5:18,0.051726,
12/14/14 5:19,0.051633,
12/14/14 5:20,0.051734,
12/14/14 5:21,0.051971,
12/14/14 5:22,0.051304,
12/14/14 5:23,0.051718,
12/14/14 5:24,0.051633,
12/14/14 5:25,0.051878,
12/14/14 5:26,0.051599,
12/14/14 5:27,0.051709,
12/14/14 5:28,0.05181,
12/14/14 5:29,0.051101,
12/14/14 5:30,0.05078,
12/14/14 5:31,0.050619,
12/14/14 5:32,0.050391,
12/14/14 5:33,0.050104,
12/14/14 5:34,0.050087,
12/14/14 5:35,0.05067,
12/14/14 5:36,0.050552,
12/14/14 5:37,0.05067,
12/14/14 5:38,0.051734,
12/14/14 5:39,0.050898,
12/17/14 10:19,0.615127,
12/17/14 10:20,0.45787,
12/17/14 10:21,2.22333,
12/17/14 10:22,0.770617,
12/17/14 10:23,0.358457,
12/17/14 10:24,0.219637,
12/17/14 10:25,0.156842,
12/17/14 10:26,0.126755,
12/17/14 10:27,0.110515,
12/17/14 10:28,0.10913,
12/17/14 10:29,0.096684,
12/17/14 10:30,0.089781,
12/17/14 10:31,0.083546,
12/17/14 10:32,0.077893,
12/17/14 10:33,0.075772,
12/17/14 10:34,0.074159,
12/17/14 10:35,0.074758,
12/17/14 10:36,0.072587,
12/17/14 10:37,0.071987,
12/17/14 10:38,0.115627,
12/17/14 10:39,0.091243,
12/17/14 10:40,0.079355,
12/17/14 10:41,0.076643,
12/17/14 10:42,0.074666,
12/17/14 10:43,0.072714,
12/17/14 10:44,0.070669,
12/17/14 10:45,0.071506,
12/17/14 10:46,0.071607,
12/17/14 10:47,0.071337,
12/17/14 10:48,0.071421,
12/17/14 10:49,0.071835,
12/17/14 10:50,0.071658,
12/17/14 10:51,0.070399,
12/17/14 10:52,0.069731,
12/17/14 10:53,0.069013,
12/17/14 10:54,0.069689,
12/17/14 10:55,0.068362,
12/17/14 10:56,0.066275,
12/17/14 10:57,0.065042,
12/17/14 10:58,0.064543,
12/17/14 10:59,0.062718,
12/17/14 11:00,0.061443,0.01
12/17/14 11:01,0.061459,
12/17/14 11:02,0.060724,
12/17/14 11:03,0.05993,
12/17/14 11:04,0.059204,
12/17/14 11:05,0.058908,
12/17/14 11:06,0.059787,
12/17/14 11:07,0.059744,
12/17/14 11:08,0.058908,
12/17/14 11:09,0.057598,
12/17/14 11:10,0.056508,
12/17/14 11:11,0.055275,
12/17/14 11:12,0.05492,
12/17/14 11:13,0.05459,
12/17/14 11:14,0.054894,
12/17/14 11:15,0.054387,
12/17/14 11:16,0.054497,
12/17/14 11:17,0.053314,
12/17/14 11:18,0.053737,
12/17/14 11:19,0.053982,
12/17/14 11:20,0.05361,
12/17/14 11:21,0.053247,
12/17/14 11:22,0.052165,
12/17/14 11:23,0.051185,
12/17/14 11:24,0.051236,
12/17/14 11:25,0.050991,
12/17/14 11:26,0.050476,
12/17/14 11:27,0.050171,
12/17/14 11:28,0.049969,
12/17/14 11:29,0.049656,
12/17/14 11:30,0.049808,
12/17/14 11:31,0.049436,
12/17/14 11:32,0.049267,
12/17/14 11:33,0.048862,
12/17/14 11:34,0.048879,
12/17/14 11:35,0.048684,
12/17/14 11:36,0.048625,
12/17/14 11:37,0.048541,
12/17/14 11:38,0.048473,
12/17/14 11:39,0.048194,
12/17/14 11:40,0.048718,
12/17/14 11:41,0.048735,
12/17/14 11:42,0.048422,
12/17/14 11:43,0.048279,
12/17/14 11:44,0.048177,
12/17/14 11:45,0.047966,
12/17/14 11:46,0.048152,
12/17/14 11:47,0.047983,
12/17/14 11:48,0.047831,
12/17/14 11:49,0.048059,
12/17/14 11:50,0.047983,
12/17/14 11:51,0.047975,
12/17/14 11:52,0.047561,
12/17/14 11:53,0.047163,
12/17/14 11:54,0.04669,
12/17/14 11:55,0.04642,
12/17/14 11:56,0.046724,
12/17/14 11:57,0.047096,
12/17/14 11:58,0.046716,
12/17/14 11:59,0.04631,
12/17/14 12:00,0.045989,0
12/17/14 12:01,0.045879,
12/17/14 12:02,0.045921,
12/17/14 12:03,0.046665,
12/17/14 12:04,0.046285,
12/17/14 12:05,0.045744,
12/17/14 12:06,0.045347,
12/17/14 12:07,0.045423,
12/21/14 8:39,0.612094,
12/21/14 8:40,0.34106,
12/21/14 8:41,2.997234,
12/21/14 8:42,1.126388,
12/21/14 8:43,0.529435,
12/21/14 8:44,0.286639,
12/21/14 8:45,0.187724,
12/21/14 8:46,0.144887,
12/21/14 8:47,0.112003,
12/21/14 8:48,0.099743,
12/21/14 8:49,0.091294,
12/21/14 8:50,0.083191,
12/21/14 8:51,0.076372,
12/21/14 8:52,0.07344,
12/21/14 8:53,0.073094,
12/21/14 8:54,0.077268,
12/21/14 8:55,0.084889,
12/21/14 8:56,0.087644,
12/21/14 8:57,0.084407,
12/21/14 8:58,0.079084,
12/21/14 8:59,0.078383,
12/21/14 9:00,0.077513,0
12/21/14 9:01,0.075992,
12/21/14 9:02,0.075409,
12/21/14 9:03,0.073618,
12/21/14 9:04,0.072967,
12/21/14 9:05,0.07208,
12/21/14 9:06,0.070618,
12/21/14 9:07,0.069419,
12/21/14 9:08,0.071193,
12/21/14 9:09,0.070796,
12/21/14 9:10,0.070137,
12/21/14 9:11,0.069047,
12/21/14 9:12,0.067906,
12/21/14 9:13,0.067965,
12/21/14 9:14,0.067644,
12/21/14 9:15,0.067011,
12/21/14 9:16,0.066504,
12/21/14 9:17,0.065245,
12/21/14 9:18,0.06429,
12/21/14 9:19,0.062904,
12/21/14 9:20,0.062761,
12/21/14 9:21,0.064096,
12/21/14 9:22,0.062904,
12/21/14 9:23,0.06244,
12/21/14 9:24,0.061307,
12/21/14 9:25,0.060124,
12/21/14 9:26,0.059204,
12/21/14 9:27,0.059373,
12/21/14 9:28,0.059609,
12/21/14 9:29,0.058029,
12/21/14 9:30,0.056939,
12/21/14 9:31,0.056246,
12/21/14 9:32,0.056001,
12/21/14 9:33,0.055477,
12/21/14 9:34,0.055123,
12/21/14 9:35,0.054185,
12/21/14 9:36,0.053973,
12/21/14 9:37,0.053551,
12/21/14 9:38,0.053897,
12/21/14 9:39,0.053483,
12/21/14 9:40,0.053593,
12/21/14 9:41,0.05296,
12/21/14 9:42,0.052588,
12/21/14 9:43,0.052081,
12/21/14 9:44,0.05187,
12/21/14 9:45,0.051844,
12/21/14 9:46,0.051025,
12/21/14 9:47,0.051008,
12/21/14 9:48,0.050678,
12/21/14 9:49,0.050357,
12/21/14 9:50,0.050078,
12/21/14 9:51,0.049985,
12/21/14 9:52,0.049352,
12/21/14 9:53,0.050087,
12/21/14 9:54,0.050678,
12/21/14 9:55,0.050704,
12/21/14 9:56,0.049791,
12/21/14 9:57,0.049664,
12/21/14 9:58,0.049681,
12/21/14 9:59,0.049757,
12/21/14 10:00,0.049115,0.06
12/21/14 10:01,0.0486,
12/21/14 10:02,0.048363,
12/21/14 10:03,0.048236,
12/21/14 10:04,0.047865,
12/21/14 10:05,0.047713,
12/21/14 10:06,0.047459,
12/21/14 10:07,0.04707,
12/21/14 10:08,0.046944,
12/21/14 10:09,0.046901,
12/21/14 10:10,0.046969,
12/21/14 10:11,0.046978,
12/21/14 10:12,0.047772,
12/21/14 10:13,0.047079,
12/21/14 10:14,0.046226,
12/21/14 10:15,0.046572,
12/21/14 10:16,0.046234,
12/21/14 10:17,0.046014,
12/21/14 10:18,0.046116,
12/21/14 10:19,0.046141,
12/21/14 10:20,0.045921,
12/21/14 10:21,0.045676,
12/21/14 10:22,0.04544,
12/21/14 10:23,0.045423,
12/21/14 10:24,0.045355,
12/21/14 10:25,0.045229,
12/21/14 10:26,0.045119,
12/21/14 10:27,0.045093,
12/21/14 10:28,0.045102,
12/21/14 10:29,0.045313,
12/21/14 10:30,0.045212,
12/21/14 10:31,0.045406,
12/21/14 10:32,0.045583,
12/21/14 10:33,0.04533,
12/21/14 10:34,0.045076,
12/21/14 10:35,0.045009,
12/21/14 10:36,0.045212,
12/22/14 12:13,0.619529,
12/22/14 12:14,0.343198,
12/22/14 12:15,0.54891,
12/22/14 12:16,0.426989,
12/22/14 12:17,0.879536,
12/22/14 12:18,0.574664,
12/22/14 12:19,0.241926,
12/22/14 12:20,0.156141,
12/22/14 12:21,0.138618,
12/22/14 12:22,0.121364,
12/22/14 12:23,0.296237,
12/22/14 12:24,0.173293,
12/22/14 12:25,0.090474,
12/22/14 12:26,0.094073,
12/22/14 12:27,0.085447,
12/22/14 12:28,0.079287,
12/22/14 12:29,0.078324,
12/22/14 12:30,0.075206,
12/22/14 12:31,0.075063,
12/22/14 12:32,0.072908,
12/22/14 12:33,0.073263,
12/22/14 12:34,0.075071,
12/22/14 12:35,0.072595,
12/22/14 12:36,0.071455,
12/22/14 12:37,0.071404,
12/22/14 12:38,0.071311,
12/22/14 12:39,0.070162,
12/22/14 12:40,0.071007,
12/22/14 12:41,0.069283,
12/22/14 12:42,0.068599,
12/22/14 12:43,0.068016,
12/22/14 12:44,0.065845,
12/22/14 12:45,0.065025,
12/26/14 20:29,0.609888,
12/26/14 20:30,0.396453,
12/26/14 20:31,1.705775,
12/26/14 20:32,1.055212,
12/26/14 20:33,0.528387,
12/26/14 20:34,0.306503,
12/26/14 20:35,0.204107,
12/26/14 20:36,0.145056,
12/26/14 20:37,0.120148,
12/26/14 20:38,0.105792,
12/26/14 20:39,0.091141,
12/26/14 20:40,0.08946,
12/26/14 20:41,0.089409,
12/26/14 20:42,0.086427,
12/26/14 20:43,0.082261,
12/26/14 20:44,0.076862,
12/26/14 20:45,0.073331,
12/26/14 20:46,0.07546,
12/26/14 20:47,0.076761,
12/26/14 20:48,0.07742,
12/26/14 20:49,0.079076,
12/26/14 20:50,0.079651,
12/26/14 20:51,0.077268,
12/26/14 20:52,0.075933,
12/26/14 20:53,0.075282,
12/26/14 20:54,0.073947,
12/26/14 20:55,0.071311,
12/26/14 20:56,0.070965,
12/26/14 20:57,0.068447,
12/26/14 20:58,0.067999,
12/26/14 20:59,0.067847,
12/26/14 21:00,0.066791,0
12/26/14 21:01,0.068143,
12/26/14 21:02,0.06805,
12/26/14 21:03,0.067932,
12/26/14 21:04,0.066825,
12/26/14 21:05,0.066774,
12/26/14 21:06,0.065861,
12/26/14 21:07,0.064679,
12/26/14 21:08,0.063986,
12/26/14 21:09,0.062685,
12/26/14 21:10,0.062245,
12/26/14 21:11,0.062059,
12/26/14 21:12,0.062009,
12/26/14 21:13,0.062228,
12/26/14 21:14,0.061781,
12/26/14 21:15,0.061679,
12/26/14 21:16,0.060116,
12/26/14 21:17,0.059592,
12/26/14 21:18,0.059389,
12/26/14 21:19,0.05917,
12/26/14 21:20,0.060082,
12/26/14 21:21,0.060251,
12/26/14 21:22,0.059187,
12/26/14 21:23,0.059068,
12/26/14 21:24,0.058359,
12/26/14 21:25,0.057666,
12/26/14 21:26,0.057404,
12/26/14 21:27,0.057429,
12/26/14 21:28,0.05655,
12/26/14 21:29,0.056077,
12/26/14 21:30,0.05519,
12/26/14 21:31,0.055021,
12/26/14 21:32,0.055756,
12/26/14 21:33,0.054903,
12/26/14 21:34,0.053999,
12/26/14 21:35,0.054168,
12/26/14 21:36,0.054768,
12/26/14 21:37,0.05361,
12/26/14 21:38,0.054725,
12/26/14 21:39,0.05519,
12/26/14 21:40,0.055013,
12/26/14 21:41,0.05481,
12/26/14 21:42,0.055249,
12/26/14 21:43,0.054185,
12/26/14 21:44,0.052858,
12/26/14 21:45,0.053661,
12/26/14 21:46,0.05323,
12/26/14 21:47,0.052393,
12/26/14 21:48,0.052816,
12/26/14 21:49,0.053973,
12/26/14 21:50,0.052934,
12/26/14 21:51,0.054709,
12/26/14 21:52,0.054649,
12/26/14 21:53,0.054844,
12/26/14 21:54,0.054945,
12/26/14 21:55,0.052554,
12/26/14 21:56,0.05138,
12/26/14 21:57,0.05274,
12/26/14 21:58,0.052039,
12/26/14 21:59,0.051532,
12/26/14 22:00,0.051929,0
12/26/14 22:01,0.051895,
12/26/14 22:02,0.052275,
12/26/14 22:03,0.05312,
12/26/14 22:04,0.055199,
12/26/14 22:05,0.05459,
12/26/14 22:06,0.055469,
12/26/14 22:07,0.054041,
12/26/14 22:08,0.054362,
12/26/14 22:09,0.055266,
12/26/14 22:10,0.055047,
12/26/14 22:11,0.055021,
12/26/14 22:12,0.054404,
12/26/14 22:13,0.05263,
12/26/14 22:14,0.052791,
12/26/14 22:15,0.052461,
12/26/14 22:16,0.053298,
12/26/14 22:17,0.054168,
12/26/14 22:18,0.054844,
12/26/14 22:19,0.055435,
12/26/14 22:20,0.054793,
12/26/14 22:21,0.054852,
12/26/14 22:22,0.053881,
12/26/14 22:23,0.053509,
12/26/14 22:24,0.053348,
12/26/14 22:25,0.053238,
12/29/14 12:35,0.326029,
12/29/14 12:36,2.368014,
12/29/14 12:37,0.854045,
12/29/14 12:38,0.337233,
12/29/14 12:39,0.341702,
12/29/14 12:40,0.123485,
12/29/14 12:41,0.103148,
12/29/14 12:42,0.098137,
12/29/14 12:43,0.087517,
12/29/14 12:44,0.085692,
12/29/14 12:45,0.083089,
12/29/14 12:46,0.084745,
12/29/14 12:47,0.126163,
12/29/14 12:48,0.098788,
12/29/14 12:49,0.083639,
12/29/14 12:50,0.075958,
12/29/14 12:51,0.073474,
12/29/14 12:52,0.069866,
12/29/14 12:53,0.06854,
12/29/14 12:54,0.075891,
12/29/14 12:55,0.075325,
12/29/14 12:56,0.072866,
12/29/14 12:57,0.071134,
12/29/14 12:58,0.067915,
12/29/14 12:59,0.066115,
12/29/14 13:00,0.064881,0
12/29/14 13:01,0.064281,
12/29/14 13:02,0.063217,
12/29/14 13:03,0.062448,
12/29/14 13:04,0.062541,
12/29/14 13:05,0.061654,
12/29/14 13:06,0.061265,
12/29/14 13:07,0.061586,
12/29/14 13:08,0.06298,
12/29/14 13:09,0.062972,
12/29/14 13:10,0.06222,
12/29/14 13:11,0.060691,
12/29/14 13:12,0.059736,
12/29/14 13:13,0.059263,
12/29/14 13:14,0.059432,
12/29/14 13:15,0.059356,
12/29/14 13:16,0.058891,
12/29/14 13:17,0.058553,
12/29/14 13:18,0.057869,
12/29/14 13:19,0.057015,
12/29/14 13:20,0.056542,
12/29/14 13:21,0.05568,
12/29/14 13:22,0.055224,
12/29/14 13:23,0.055934,
12/29/14 13:24,0.055376,
12/29/14 13:25,0.055055,
12/29/14 13:26,0.054607,
12/29/14 13:27,0.053695,
12/29/14 13:28,0.053002,
12/29/14 13:29,0.053154,
12/29/14 13:30,0.053129,
12/29/14 13:31,0.052816,
12/29/14 13:32,0.052343,
12/29/14 13:33,0.052258,
12/29/14 13:34,0.052503,
12/29/14 13:35,0.051591,
12/29/14 13:36,0.051718,
12/29/14 13:37,0.051067,
12/29/14 13:38,0.051641,
12/29/14 13:39,0.052022,
12/29/14 13:40,0.051058,
12/29/14 13:41,0.050391,
12/29/14 13:42,0.049952,
12/29/14 13:43,0.049639,
12/29/14 13:44,0.04958,
12/29/14 13:45,0.04931,
12/29/14 13:46,0.049284,
12/29/14 13:47,0.048963,
12/29/14 13:48,0.048904,
12/29/14 13:49,0.048532,
12/29/14 13:50,0.04865,
12/29/14 13:51,0.048634,
12/29/14 13:52,0.048693,
12/29/14 13:53,0.048422,
12/29/14 13:54,0.048051,
12/29/14 13:55,0.048338,
12/29/14 13:56,0.047831,
12/29/14 13:57,0.047662,
12/29/14 13:58,0.047755,
12/29/14 13:59,0.047349,
12/29/14 14:00,0.047772,0
12/29/14 14:01,0.047535,
12/29/14 14:02,0.050856,
12/29/14 14:03,0.050222,
12/29/14 14:04,0.048422,
12/29/14 14:05,0.047256,
12/29/14 14:06,0.046969,
12/29/14 14:07,0.047189,
12/29/14 14:08,0.046648,
12/29/14 14:09,0.046749,
12/29/14 14:10,0.046766,
12/29/14 14:11,0.046918,
12/29/14 14:12,0.047011,
12/29/14 14:13,0.046386,
12/29/14 14:14,0.046192,
12/29/14 14:15,0.045997,
12/29/14 14:16,0.04604,
12/29/14 14:17,0.046276,
12/29/14 14:18,0.045921,
12/29/14 14:19,0.046006,
12/29/14 14:20,0.045736,
12/29/14 14:21,0.045786,
12/29/14 14:22,0.045431,
12/29/14 14:23,0.045769,
12/29/14 14:24,0.046395,
12/29/14 14:25,0.046471,
12/29/14 14:26,0.04609,
12/29/14 14:27,0.045769,
12/29/14 14:28,0.045609,
12/30/14 9:49,0.565674,